[2026-02-04T00:00:19.825+0000] {processor.py:156} INFO - Started process (PID=4382) to work on /opt/airflow/dags/crypto_dag.py
[2026-02-04T00:00:19.825+0000] {processor.py:799} INFO - Processing file /opt/airflow/dags/crypto_dag.py for tasks to queue
[2026-02-04T00:00:19.826+0000] {logging_mixin.py:149} INFO - [2026-02-04T00:00:19.826+0000] {dagbag.py:541} INFO - Filling up the DagBag from /opt/airflow/dags/crypto_dag.py
[2026-02-04T00:00:19.837+0000] {processor.py:809} INFO - DAG(s) dict_keys(['crypto_volatility_pipeline']) retrieved from /opt/airflow/dags/crypto_dag.py
[2026-02-04T00:00:19.856+0000] {logging_mixin.py:149} INFO - [2026-02-04T00:00:19.856+0000] {dag.py:2726} INFO - Sync 1 DAGs
[2026-02-04T00:00:19.868+0000] {logging_mixin.py:149} INFO - [2026-02-04T00:00:19.868+0000] {dag.py:3490} INFO - Setting next_dagrun for crypto_volatility_pipeline to 2026-02-04T00:00:00+00:00, run_after=2026-02-04T00:05:00+00:00
[2026-02-04T00:00:19.875+0000] {processor.py:178} INFO - Processing /opt/airflow/dags/crypto_dag.py took 0.054 seconds
[2026-02-04T00:00:50.193+0000] {processor.py:156} INFO - Started process (PID=4383) to work on /opt/airflow/dags/crypto_dag.py
[2026-02-04T00:00:50.194+0000] {processor.py:799} INFO - Processing file /opt/airflow/dags/crypto_dag.py for tasks to queue
[2026-02-04T00:00:50.195+0000] {logging_mixin.py:149} INFO - [2026-02-04T00:00:50.194+0000] {dagbag.py:541} INFO - Filling up the DagBag from /opt/airflow/dags/crypto_dag.py
[2026-02-04T00:00:50.204+0000] {processor.py:809} INFO - DAG(s) dict_keys(['crypto_volatility_pipeline']) retrieved from /opt/airflow/dags/crypto_dag.py
[2026-02-04T00:00:50.219+0000] {logging_mixin.py:149} INFO - [2026-02-04T00:00:50.219+0000] {dag.py:2726} INFO - Sync 1 DAGs
[2026-02-04T00:00:50.231+0000] {logging_mixin.py:149} INFO - [2026-02-04T00:00:50.231+0000] {dag.py:3490} INFO - Setting next_dagrun for crypto_volatility_pipeline to 2026-02-04T00:00:00+00:00, run_after=2026-02-04T00:05:00+00:00
[2026-02-04T00:00:50.238+0000] {processor.py:178} INFO - Processing /opt/airflow/dags/crypto_dag.py took 0.048 seconds
[2026-02-04T00:01:20.516+0000] {processor.py:156} INFO - Started process (PID=4384) to work on /opt/airflow/dags/crypto_dag.py
[2026-02-04T00:01:20.517+0000] {processor.py:799} INFO - Processing file /opt/airflow/dags/crypto_dag.py for tasks to queue
[2026-02-04T00:01:20.517+0000] {logging_mixin.py:149} INFO - [2026-02-04T00:01:20.517+0000] {dagbag.py:541} INFO - Filling up the DagBag from /opt/airflow/dags/crypto_dag.py
[2026-02-04T00:01:20.528+0000] {processor.py:809} INFO - DAG(s) dict_keys(['crypto_volatility_pipeline']) retrieved from /opt/airflow/dags/crypto_dag.py
[2026-02-04T00:01:20.547+0000] {logging_mixin.py:149} INFO - [2026-02-04T00:01:20.547+0000] {dag.py:2726} INFO - Sync 1 DAGs
[2026-02-04T00:01:20.559+0000] {logging_mixin.py:149} INFO - [2026-02-04T00:01:20.559+0000] {dag.py:3490} INFO - Setting next_dagrun for crypto_volatility_pipeline to 2026-02-04T00:00:00+00:00, run_after=2026-02-04T00:05:00+00:00
[2026-02-04T00:01:20.566+0000] {processor.py:178} INFO - Processing /opt/airflow/dags/crypto_dag.py took 0.054 seconds
[2026-02-04T00:01:50.881+0000] {processor.py:156} INFO - Started process (PID=4385) to work on /opt/airflow/dags/crypto_dag.py
[2026-02-04T00:01:50.881+0000] {processor.py:799} INFO - Processing file /opt/airflow/dags/crypto_dag.py for tasks to queue
[2026-02-04T00:01:50.883+0000] {logging_mixin.py:149} INFO - [2026-02-04T00:01:50.882+0000] {dagbag.py:541} INFO - Filling up the DagBag from /opt/airflow/dags/crypto_dag.py
[2026-02-04T00:01:50.892+0000] {processor.py:809} INFO - DAG(s) dict_keys(['crypto_volatility_pipeline']) retrieved from /opt/airflow/dags/crypto_dag.py
[2026-02-04T00:01:50.910+0000] {logging_mixin.py:149} INFO - [2026-02-04T00:01:50.910+0000] {dag.py:2726} INFO - Sync 1 DAGs
[2026-02-04T00:01:50.922+0000] {logging_mixin.py:149} INFO - [2026-02-04T00:01:50.922+0000] {dag.py:3490} INFO - Setting next_dagrun for crypto_volatility_pipeline to 2026-02-04T00:00:00+00:00, run_after=2026-02-04T00:05:00+00:00
[2026-02-04T00:01:50.929+0000] {processor.py:178} INFO - Processing /opt/airflow/dags/crypto_dag.py took 0.052 seconds
[2026-02-04T00:02:21.214+0000] {processor.py:156} INFO - Started process (PID=4386) to work on /opt/airflow/dags/crypto_dag.py
[2026-02-04T00:02:21.215+0000] {processor.py:799} INFO - Processing file /opt/airflow/dags/crypto_dag.py for tasks to queue
[2026-02-04T00:02:21.216+0000] {logging_mixin.py:149} INFO - [2026-02-04T00:02:21.216+0000] {dagbag.py:541} INFO - Filling up the DagBag from /opt/airflow/dags/crypto_dag.py
[2026-02-04T00:02:21.227+0000] {processor.py:809} INFO - DAG(s) dict_keys(['crypto_volatility_pipeline']) retrieved from /opt/airflow/dags/crypto_dag.py
[2026-02-04T00:02:21.245+0000] {logging_mixin.py:149} INFO - [2026-02-04T00:02:21.245+0000] {dag.py:2726} INFO - Sync 1 DAGs
[2026-02-04T00:02:21.259+0000] {logging_mixin.py:149} INFO - [2026-02-04T00:02:21.259+0000] {dag.py:3490} INFO - Setting next_dagrun for crypto_volatility_pipeline to 2026-02-04T00:00:00+00:00, run_after=2026-02-04T00:05:00+00:00
[2026-02-04T00:02:21.266+0000] {processor.py:178} INFO - Processing /opt/airflow/dags/crypto_dag.py took 0.056 seconds
[2026-02-04T00:02:51.529+0000] {processor.py:156} INFO - Started process (PID=4387) to work on /opt/airflow/dags/crypto_dag.py
[2026-02-04T00:02:51.530+0000] {processor.py:799} INFO - Processing file /opt/airflow/dags/crypto_dag.py for tasks to queue
[2026-02-04T00:02:51.531+0000] {logging_mixin.py:149} INFO - [2026-02-04T00:02:51.531+0000] {dagbag.py:541} INFO - Filling up the DagBag from /opt/airflow/dags/crypto_dag.py
[2026-02-04T00:02:51.542+0000] {processor.py:809} INFO - DAG(s) dict_keys(['crypto_volatility_pipeline']) retrieved from /opt/airflow/dags/crypto_dag.py
[2026-02-04T00:02:51.560+0000] {logging_mixin.py:149} INFO - [2026-02-04T00:02:51.560+0000] {dag.py:2726} INFO - Sync 1 DAGs
[2026-02-04T00:02:51.573+0000] {logging_mixin.py:149} INFO - [2026-02-04T00:02:51.573+0000] {dag.py:3490} INFO - Setting next_dagrun for crypto_volatility_pipeline to 2026-02-04T00:00:00+00:00, run_after=2026-02-04T00:05:00+00:00
[2026-02-04T00:02:51.580+0000] {processor.py:178} INFO - Processing /opt/airflow/dags/crypto_dag.py took 0.054 seconds
[2026-02-04T00:03:21.899+0000] {processor.py:156} INFO - Started process (PID=4388) to work on /opt/airflow/dags/crypto_dag.py
[2026-02-04T00:03:21.899+0000] {processor.py:799} INFO - Processing file /opt/airflow/dags/crypto_dag.py for tasks to queue
[2026-02-04T00:03:21.900+0000] {logging_mixin.py:149} INFO - [2026-02-04T00:03:21.900+0000] {dagbag.py:541} INFO - Filling up the DagBag from /opt/airflow/dags/crypto_dag.py
[2026-02-04T00:03:21.910+0000] {processor.py:809} INFO - DAG(s) dict_keys(['crypto_volatility_pipeline']) retrieved from /opt/airflow/dags/crypto_dag.py
[2026-02-04T00:03:21.927+0000] {logging_mixin.py:149} INFO - [2026-02-04T00:03:21.927+0000] {dag.py:2726} INFO - Sync 1 DAGs
[2026-02-04T00:03:21.939+0000] {logging_mixin.py:149} INFO - [2026-02-04T00:03:21.939+0000] {dag.py:3490} INFO - Setting next_dagrun for crypto_volatility_pipeline to 2026-02-04T00:00:00+00:00, run_after=2026-02-04T00:05:00+00:00
[2026-02-04T00:03:21.946+0000] {processor.py:178} INFO - Processing /opt/airflow/dags/crypto_dag.py took 0.051 seconds
[2026-02-04T00:03:52.280+0000] {processor.py:156} INFO - Started process (PID=4389) to work on /opt/airflow/dags/crypto_dag.py
[2026-02-04T00:03:52.280+0000] {processor.py:799} INFO - Processing file /opt/airflow/dags/crypto_dag.py for tasks to queue
[2026-02-04T00:03:52.281+0000] {logging_mixin.py:149} INFO - [2026-02-04T00:03:52.281+0000] {dagbag.py:541} INFO - Filling up the DagBag from /opt/airflow/dags/crypto_dag.py
[2026-02-04T00:03:52.291+0000] {processor.py:809} INFO - DAG(s) dict_keys(['crypto_volatility_pipeline']) retrieved from /opt/airflow/dags/crypto_dag.py
[2026-02-04T00:03:52.310+0000] {logging_mixin.py:149} INFO - [2026-02-04T00:03:52.310+0000] {dag.py:2726} INFO - Sync 1 DAGs
[2026-02-04T00:03:52.323+0000] {logging_mixin.py:149} INFO - [2026-02-04T00:03:52.323+0000] {dag.py:3490} INFO - Setting next_dagrun for crypto_volatility_pipeline to 2026-02-04T00:00:00+00:00, run_after=2026-02-04T00:05:00+00:00
[2026-02-04T00:03:52.330+0000] {processor.py:178} INFO - Processing /opt/airflow/dags/crypto_dag.py took 0.054 seconds
[2026-02-04T00:04:22.650+0000] {processor.py:156} INFO - Started process (PID=4390) to work on /opt/airflow/dags/crypto_dag.py
[2026-02-04T00:04:22.651+0000] {processor.py:799} INFO - Processing file /opt/airflow/dags/crypto_dag.py for tasks to queue
[2026-02-04T00:04:22.652+0000] {logging_mixin.py:149} INFO - [2026-02-04T00:04:22.652+0000] {dagbag.py:541} INFO - Filling up the DagBag from /opt/airflow/dags/crypto_dag.py
[2026-02-04T00:04:22.663+0000] {processor.py:809} INFO - DAG(s) dict_keys(['crypto_volatility_pipeline']) retrieved from /opt/airflow/dags/crypto_dag.py
[2026-02-04T00:04:22.681+0000] {logging_mixin.py:149} INFO - [2026-02-04T00:04:22.681+0000] {dag.py:2726} INFO - Sync 1 DAGs
[2026-02-04T00:04:22.694+0000] {logging_mixin.py:149} INFO - [2026-02-04T00:04:22.694+0000] {dag.py:3490} INFO - Setting next_dagrun for crypto_volatility_pipeline to 2026-02-04T00:00:00+00:00, run_after=2026-02-04T00:05:00+00:00
[2026-02-04T00:04:22.701+0000] {processor.py:178} INFO - Processing /opt/airflow/dags/crypto_dag.py took 0.054 seconds
[2026-02-04T00:04:53.045+0000] {processor.py:156} INFO - Started process (PID=4391) to work on /opt/airflow/dags/crypto_dag.py
[2026-02-04T00:04:53.046+0000] {processor.py:799} INFO - Processing file /opt/airflow/dags/crypto_dag.py for tasks to queue
[2026-02-04T00:04:53.047+0000] {logging_mixin.py:149} INFO - [2026-02-04T00:04:53.047+0000] {dagbag.py:541} INFO - Filling up the DagBag from /opt/airflow/dags/crypto_dag.py
[2026-02-04T00:04:53.060+0000] {processor.py:809} INFO - DAG(s) dict_keys(['crypto_volatility_pipeline']) retrieved from /opt/airflow/dags/crypto_dag.py
[2026-02-04T00:04:53.081+0000] {logging_mixin.py:149} INFO - [2026-02-04T00:04:53.081+0000] {dag.py:2726} INFO - Sync 1 DAGs
[2026-02-04T00:04:53.094+0000] {logging_mixin.py:149} INFO - [2026-02-04T00:04:53.094+0000] {dag.py:3490} INFO - Setting next_dagrun for crypto_volatility_pipeline to 2026-02-04T00:00:00+00:00, run_after=2026-02-04T00:05:00+00:00
[2026-02-04T00:04:53.102+0000] {processor.py:178} INFO - Processing /opt/airflow/dags/crypto_dag.py took 0.061 seconds
[2026-02-04T00:05:23.329+0000] {processor.py:156} INFO - Started process (PID=4412) to work on /opt/airflow/dags/crypto_dag.py
[2026-02-04T00:05:23.330+0000] {processor.py:799} INFO - Processing file /opt/airflow/dags/crypto_dag.py for tasks to queue
[2026-02-04T00:05:23.332+0000] {logging_mixin.py:149} INFO - [2026-02-04T00:05:23.332+0000] {dagbag.py:541} INFO - Filling up the DagBag from /opt/airflow/dags/crypto_dag.py
[2026-02-04T00:05:23.345+0000] {processor.py:809} INFO - DAG(s) dict_keys(['crypto_volatility_pipeline']) retrieved from /opt/airflow/dags/crypto_dag.py
[2026-02-04T00:05:23.361+0000] {logging_mixin.py:149} INFO - [2026-02-04T00:05:23.361+0000] {dag.py:2726} INFO - Sync 1 DAGs
[2026-02-04T00:05:23.375+0000] {logging_mixin.py:149} INFO - [2026-02-04T00:05:23.375+0000] {dag.py:3490} INFO - Setting next_dagrun for crypto_volatility_pipeline to 2026-02-04T00:05:00+00:00, run_after=2026-02-04T00:10:00+00:00
[2026-02-04T00:05:23.382+0000] {processor.py:178} INFO - Processing /opt/airflow/dags/crypto_dag.py took 0.057 seconds
[2026-02-04T00:05:53.682+0000] {processor.py:156} INFO - Started process (PID=4413) to work on /opt/airflow/dags/crypto_dag.py
[2026-02-04T00:05:53.682+0000] {processor.py:799} INFO - Processing file /opt/airflow/dags/crypto_dag.py for tasks to queue
[2026-02-04T00:05:53.683+0000] {logging_mixin.py:149} INFO - [2026-02-04T00:05:53.683+0000] {dagbag.py:541} INFO - Filling up the DagBag from /opt/airflow/dags/crypto_dag.py
[2026-02-04T00:05:53.694+0000] {processor.py:809} INFO - DAG(s) dict_keys(['crypto_volatility_pipeline']) retrieved from /opt/airflow/dags/crypto_dag.py
[2026-02-04T00:05:53.712+0000] {logging_mixin.py:149} INFO - [2026-02-04T00:05:53.712+0000] {dag.py:2726} INFO - Sync 1 DAGs
[2026-02-04T00:05:53.726+0000] {logging_mixin.py:149} INFO - [2026-02-04T00:05:53.726+0000] {dag.py:3490} INFO - Setting next_dagrun for crypto_volatility_pipeline to 2026-02-04T00:05:00+00:00, run_after=2026-02-04T00:10:00+00:00
[2026-02-04T00:05:53.733+0000] {processor.py:178} INFO - Processing /opt/airflow/dags/crypto_dag.py took 0.055 seconds
[2026-02-04T00:06:24.098+0000] {processor.py:156} INFO - Started process (PID=4414) to work on /opt/airflow/dags/crypto_dag.py
[2026-02-04T00:06:24.098+0000] {processor.py:799} INFO - Processing file /opt/airflow/dags/crypto_dag.py for tasks to queue
[2026-02-04T00:06:24.099+0000] {logging_mixin.py:149} INFO - [2026-02-04T00:06:24.099+0000] {dagbag.py:541} INFO - Filling up the DagBag from /opt/airflow/dags/crypto_dag.py
[2026-02-04T00:06:24.111+0000] {processor.py:809} INFO - DAG(s) dict_keys(['crypto_volatility_pipeline']) retrieved from /opt/airflow/dags/crypto_dag.py
[2026-02-04T00:06:24.130+0000] {logging_mixin.py:149} INFO - [2026-02-04T00:06:24.129+0000] {dag.py:2726} INFO - Sync 1 DAGs
[2026-02-04T00:06:24.143+0000] {logging_mixin.py:149} INFO - [2026-02-04T00:06:24.143+0000] {dag.py:3490} INFO - Setting next_dagrun for crypto_volatility_pipeline to 2026-02-04T00:05:00+00:00, run_after=2026-02-04T00:10:00+00:00
[2026-02-04T00:06:24.150+0000] {processor.py:178} INFO - Processing /opt/airflow/dags/crypto_dag.py took 0.056 seconds
[2026-02-04T00:06:54.522+0000] {processor.py:156} INFO - Started process (PID=4415) to work on /opt/airflow/dags/crypto_dag.py
[2026-02-04T00:06:54.523+0000] {processor.py:799} INFO - Processing file /opt/airflow/dags/crypto_dag.py for tasks to queue
[2026-02-04T00:06:54.524+0000] {logging_mixin.py:149} INFO - [2026-02-04T00:06:54.524+0000] {dagbag.py:541} INFO - Filling up the DagBag from /opt/airflow/dags/crypto_dag.py
[2026-02-04T00:06:54.535+0000] {processor.py:809} INFO - DAG(s) dict_keys(['crypto_volatility_pipeline']) retrieved from /opt/airflow/dags/crypto_dag.py
[2026-02-04T00:06:54.554+0000] {logging_mixin.py:149} INFO - [2026-02-04T00:06:54.554+0000] {dag.py:2726} INFO - Sync 1 DAGs
[2026-02-04T00:06:54.568+0000] {logging_mixin.py:149} INFO - [2026-02-04T00:06:54.567+0000] {dag.py:3490} INFO - Setting next_dagrun for crypto_volatility_pipeline to 2026-02-04T00:05:00+00:00, run_after=2026-02-04T00:10:00+00:00
[2026-02-04T00:06:54.575+0000] {processor.py:178} INFO - Processing /opt/airflow/dags/crypto_dag.py took 0.056 seconds
[2026-02-04T00:07:24.916+0000] {processor.py:156} INFO - Started process (PID=4416) to work on /opt/airflow/dags/crypto_dag.py
[2026-02-04T00:07:24.917+0000] {processor.py:799} INFO - Processing file /opt/airflow/dags/crypto_dag.py for tasks to queue
[2026-02-04T00:07:24.918+0000] {logging_mixin.py:149} INFO - [2026-02-04T00:07:24.918+0000] {dagbag.py:541} INFO - Filling up the DagBag from /opt/airflow/dags/crypto_dag.py
[2026-02-04T00:07:24.929+0000] {processor.py:809} INFO - DAG(s) dict_keys(['crypto_volatility_pipeline']) retrieved from /opt/airflow/dags/crypto_dag.py
[2026-02-04T00:07:24.947+0000] {logging_mixin.py:149} INFO - [2026-02-04T00:07:24.947+0000] {dag.py:2726} INFO - Sync 1 DAGs
[2026-02-04T00:07:24.960+0000] {logging_mixin.py:149} INFO - [2026-02-04T00:07:24.960+0000] {dag.py:3490} INFO - Setting next_dagrun for crypto_volatility_pipeline to 2026-02-04T00:05:00+00:00, run_after=2026-02-04T00:10:00+00:00
[2026-02-04T00:07:24.966+0000] {processor.py:178} INFO - Processing /opt/airflow/dags/crypto_dag.py took 0.054 seconds
[2026-02-04T00:07:55.331+0000] {processor.py:156} INFO - Started process (PID=4417) to work on /opt/airflow/dags/crypto_dag.py
[2026-02-04T00:07:55.332+0000] {processor.py:799} INFO - Processing file /opt/airflow/dags/crypto_dag.py for tasks to queue
[2026-02-04T00:07:55.332+0000] {logging_mixin.py:149} INFO - [2026-02-04T00:07:55.332+0000] {dagbag.py:541} INFO - Filling up the DagBag from /opt/airflow/dags/crypto_dag.py
[2026-02-04T00:07:55.344+0000] {processor.py:809} INFO - DAG(s) dict_keys(['crypto_volatility_pipeline']) retrieved from /opt/airflow/dags/crypto_dag.py
[2026-02-04T00:07:55.362+0000] {logging_mixin.py:149} INFO - [2026-02-04T00:07:55.362+0000] {dag.py:2726} INFO - Sync 1 DAGs
[2026-02-04T00:07:55.375+0000] {logging_mixin.py:149} INFO - [2026-02-04T00:07:55.375+0000] {dag.py:3490} INFO - Setting next_dagrun for crypto_volatility_pipeline to 2026-02-04T00:05:00+00:00, run_after=2026-02-04T00:10:00+00:00
[2026-02-04T00:07:55.382+0000] {processor.py:178} INFO - Processing /opt/airflow/dags/crypto_dag.py took 0.055 seconds
[2026-02-04T00:08:25.712+0000] {processor.py:156} INFO - Started process (PID=4418) to work on /opt/airflow/dags/crypto_dag.py
[2026-02-04T00:08:25.713+0000] {processor.py:799} INFO - Processing file /opt/airflow/dags/crypto_dag.py for tasks to queue
[2026-02-04T00:08:25.714+0000] {logging_mixin.py:149} INFO - [2026-02-04T00:08:25.714+0000] {dagbag.py:541} INFO - Filling up the DagBag from /opt/airflow/dags/crypto_dag.py
[2026-02-04T00:08:25.725+0000] {processor.py:809} INFO - DAG(s) dict_keys(['crypto_volatility_pipeline']) retrieved from /opt/airflow/dags/crypto_dag.py
[2026-02-04T00:08:25.742+0000] {logging_mixin.py:149} INFO - [2026-02-04T00:08:25.742+0000] {dag.py:2726} INFO - Sync 1 DAGs
[2026-02-04T00:08:25.755+0000] {logging_mixin.py:149} INFO - [2026-02-04T00:08:25.755+0000] {dag.py:3490} INFO - Setting next_dagrun for crypto_volatility_pipeline to 2026-02-04T00:05:00+00:00, run_after=2026-02-04T00:10:00+00:00
[2026-02-04T00:08:25.763+0000] {processor.py:178} INFO - Processing /opt/airflow/dags/crypto_dag.py took 0.053 seconds
[2026-02-04T00:08:56.106+0000] {processor.py:156} INFO - Started process (PID=4419) to work on /opt/airflow/dags/crypto_dag.py
[2026-02-04T00:08:56.106+0000] {processor.py:799} INFO - Processing file /opt/airflow/dags/crypto_dag.py for tasks to queue
[2026-02-04T00:08:56.107+0000] {logging_mixin.py:149} INFO - [2026-02-04T00:08:56.107+0000] {dagbag.py:541} INFO - Filling up the DagBag from /opt/airflow/dags/crypto_dag.py
[2026-02-04T00:08:56.118+0000] {processor.py:809} INFO - DAG(s) dict_keys(['crypto_volatility_pipeline']) retrieved from /opt/airflow/dags/crypto_dag.py
[2026-02-04T00:08:56.135+0000] {logging_mixin.py:149} INFO - [2026-02-04T00:08:56.135+0000] {dag.py:2726} INFO - Sync 1 DAGs
[2026-02-04T00:08:56.148+0000] {logging_mixin.py:149} INFO - [2026-02-04T00:08:56.148+0000] {dag.py:3490} INFO - Setting next_dagrun for crypto_volatility_pipeline to 2026-02-04T00:05:00+00:00, run_after=2026-02-04T00:10:00+00:00
[2026-02-04T00:08:56.155+0000] {processor.py:178} INFO - Processing /opt/airflow/dags/crypto_dag.py took 0.053 seconds
[2026-02-04T00:09:26.505+0000] {processor.py:156} INFO - Started process (PID=4420) to work on /opt/airflow/dags/crypto_dag.py
[2026-02-04T00:09:26.506+0000] {processor.py:799} INFO - Processing file /opt/airflow/dags/crypto_dag.py for tasks to queue
[2026-02-04T00:09:26.506+0000] {logging_mixin.py:149} INFO - [2026-02-04T00:09:26.506+0000] {dagbag.py:541} INFO - Filling up the DagBag from /opt/airflow/dags/crypto_dag.py
[2026-02-04T00:09:26.516+0000] {processor.py:809} INFO - DAG(s) dict_keys(['crypto_volatility_pipeline']) retrieved from /opt/airflow/dags/crypto_dag.py
[2026-02-04T00:09:26.531+0000] {logging_mixin.py:149} INFO - [2026-02-04T00:09:26.530+0000] {dag.py:2726} INFO - Sync 1 DAGs
[2026-02-04T00:09:26.543+0000] {logging_mixin.py:149} INFO - [2026-02-04T00:09:26.543+0000] {dag.py:3490} INFO - Setting next_dagrun for crypto_volatility_pipeline to 2026-02-04T00:05:00+00:00, run_after=2026-02-04T00:10:00+00:00
[2026-02-04T00:09:26.550+0000] {processor.py:178} INFO - Processing /opt/airflow/dags/crypto_dag.py took 0.049 seconds
[2026-02-04T00:09:56.853+0000] {processor.py:156} INFO - Started process (PID=4421) to work on /opt/airflow/dags/crypto_dag.py
[2026-02-04T00:09:56.854+0000] {processor.py:799} INFO - Processing file /opt/airflow/dags/crypto_dag.py for tasks to queue
[2026-02-04T00:09:56.854+0000] {logging_mixin.py:149} INFO - [2026-02-04T00:09:56.854+0000] {dagbag.py:541} INFO - Filling up the DagBag from /opt/airflow/dags/crypto_dag.py
[2026-02-04T00:09:56.865+0000] {processor.py:809} INFO - DAG(s) dict_keys(['crypto_volatility_pipeline']) retrieved from /opt/airflow/dags/crypto_dag.py
[2026-02-04T00:09:56.884+0000] {logging_mixin.py:149} INFO - [2026-02-04T00:09:56.884+0000] {dag.py:2726} INFO - Sync 1 DAGs
[2026-02-04T00:09:56.897+0000] {logging_mixin.py:149} INFO - [2026-02-04T00:09:56.897+0000] {dag.py:3490} INFO - Setting next_dagrun for crypto_volatility_pipeline to 2026-02-04T00:05:00+00:00, run_after=2026-02-04T00:10:00+00:00
[2026-02-04T00:09:56.904+0000] {processor.py:178} INFO - Processing /opt/airflow/dags/crypto_dag.py took 0.056 seconds
[2026-02-04T00:10:27.254+0000] {processor.py:156} INFO - Started process (PID=4442) to work on /opt/airflow/dags/crypto_dag.py
[2026-02-04T00:10:27.255+0000] {processor.py:799} INFO - Processing file /opt/airflow/dags/crypto_dag.py for tasks to queue
[2026-02-04T00:10:27.256+0000] {logging_mixin.py:149} INFO - [2026-02-04T00:10:27.256+0000] {dagbag.py:541} INFO - Filling up the DagBag from /opt/airflow/dags/crypto_dag.py
[2026-02-04T00:10:27.267+0000] {processor.py:809} INFO - DAG(s) dict_keys(['crypto_volatility_pipeline']) retrieved from /opt/airflow/dags/crypto_dag.py
[2026-02-04T00:10:27.284+0000] {logging_mixin.py:149} INFO - [2026-02-04T00:10:27.284+0000] {dag.py:2726} INFO - Sync 1 DAGs
[2026-02-04T00:10:27.297+0000] {logging_mixin.py:149} INFO - [2026-02-04T00:10:27.296+0000] {dag.py:3490} INFO - Setting next_dagrun for crypto_volatility_pipeline to 2026-02-04T00:10:00+00:00, run_after=2026-02-04T00:15:00+00:00
[2026-02-04T00:10:27.303+0000] {processor.py:178} INFO - Processing /opt/airflow/dags/crypto_dag.py took 0.053 seconds
[2026-02-04T00:10:57.666+0000] {processor.py:156} INFO - Started process (PID=4443) to work on /opt/airflow/dags/crypto_dag.py
[2026-02-04T00:10:57.666+0000] {processor.py:799} INFO - Processing file /opt/airflow/dags/crypto_dag.py for tasks to queue
[2026-02-04T00:10:57.667+0000] {logging_mixin.py:149} INFO - [2026-02-04T00:10:57.667+0000] {dagbag.py:541} INFO - Filling up the DagBag from /opt/airflow/dags/crypto_dag.py
[2026-02-04T00:10:57.677+0000] {processor.py:809} INFO - DAG(s) dict_keys(['crypto_volatility_pipeline']) retrieved from /opt/airflow/dags/crypto_dag.py
[2026-02-04T00:10:57.692+0000] {logging_mixin.py:149} INFO - [2026-02-04T00:10:57.692+0000] {dag.py:2726} INFO - Sync 1 DAGs
[2026-02-04T00:10:57.706+0000] {logging_mixin.py:149} INFO - [2026-02-04T00:10:57.705+0000] {dag.py:3490} INFO - Setting next_dagrun for crypto_volatility_pipeline to 2026-02-04T00:10:00+00:00, run_after=2026-02-04T00:15:00+00:00
[2026-02-04T00:10:57.713+0000] {processor.py:178} INFO - Processing /opt/airflow/dags/crypto_dag.py took 0.052 seconds
[2026-02-04T00:11:28.066+0000] {processor.py:156} INFO - Started process (PID=4444) to work on /opt/airflow/dags/crypto_dag.py
[2026-02-04T00:11:28.067+0000] {processor.py:799} INFO - Processing file /opt/airflow/dags/crypto_dag.py for tasks to queue
[2026-02-04T00:11:28.068+0000] {logging_mixin.py:149} INFO - [2026-02-04T00:11:28.068+0000] {dagbag.py:541} INFO - Filling up the DagBag from /opt/airflow/dags/crypto_dag.py
[2026-02-04T00:11:28.080+0000] {processor.py:809} INFO - DAG(s) dict_keys(['crypto_volatility_pipeline']) retrieved from /opt/airflow/dags/crypto_dag.py
[2026-02-04T00:11:28.098+0000] {logging_mixin.py:149} INFO - [2026-02-04T00:11:28.098+0000] {dag.py:2726} INFO - Sync 1 DAGs
[2026-02-04T00:11:28.111+0000] {logging_mixin.py:149} INFO - [2026-02-04T00:11:28.111+0000] {dag.py:3490} INFO - Setting next_dagrun for crypto_volatility_pipeline to 2026-02-04T00:10:00+00:00, run_after=2026-02-04T00:15:00+00:00
[2026-02-04T00:11:28.118+0000] {processor.py:178} INFO - Processing /opt/airflow/dags/crypto_dag.py took 0.056 seconds
[2026-02-04T00:11:58.454+0000] {processor.py:156} INFO - Started process (PID=4445) to work on /opt/airflow/dags/crypto_dag.py
[2026-02-04T00:11:58.455+0000] {processor.py:799} INFO - Processing file /opt/airflow/dags/crypto_dag.py for tasks to queue
[2026-02-04T00:11:58.456+0000] {logging_mixin.py:149} INFO - [2026-02-04T00:11:58.456+0000] {dagbag.py:541} INFO - Filling up the DagBag from /opt/airflow/dags/crypto_dag.py
[2026-02-04T00:11:58.467+0000] {processor.py:809} INFO - DAG(s) dict_keys(['crypto_volatility_pipeline']) retrieved from /opt/airflow/dags/crypto_dag.py
[2026-02-04T00:11:58.486+0000] {logging_mixin.py:149} INFO - [2026-02-04T00:11:58.486+0000] {dag.py:2726} INFO - Sync 1 DAGs
[2026-02-04T00:11:58.500+0000] {logging_mixin.py:149} INFO - [2026-02-04T00:11:58.500+0000] {dag.py:3490} INFO - Setting next_dagrun for crypto_volatility_pipeline to 2026-02-04T00:10:00+00:00, run_after=2026-02-04T00:15:00+00:00
[2026-02-04T00:11:58.507+0000] {processor.py:178} INFO - Processing /opt/airflow/dags/crypto_dag.py took 0.057 seconds
[2026-02-04T00:12:28.853+0000] {processor.py:156} INFO - Started process (PID=4446) to work on /opt/airflow/dags/crypto_dag.py
[2026-02-04T00:12:28.854+0000] {processor.py:799} INFO - Processing file /opt/airflow/dags/crypto_dag.py for tasks to queue
[2026-02-04T00:12:28.855+0000] {logging_mixin.py:149} INFO - [2026-02-04T00:12:28.854+0000] {dagbag.py:541} INFO - Filling up the DagBag from /opt/airflow/dags/crypto_dag.py
[2026-02-04T00:12:28.865+0000] {processor.py:809} INFO - DAG(s) dict_keys(['crypto_volatility_pipeline']) retrieved from /opt/airflow/dags/crypto_dag.py
[2026-02-04T00:12:28.884+0000] {logging_mixin.py:149} INFO - [2026-02-04T00:12:28.884+0000] {dag.py:2726} INFO - Sync 1 DAGs
[2026-02-04T00:12:28.897+0000] {logging_mixin.py:149} INFO - [2026-02-04T00:12:28.897+0000] {dag.py:3490} INFO - Setting next_dagrun for crypto_volatility_pipeline to 2026-02-04T00:10:00+00:00, run_after=2026-02-04T00:15:00+00:00
[2026-02-04T00:12:28.903+0000] {processor.py:178} INFO - Processing /opt/airflow/dags/crypto_dag.py took 0.054 seconds
[2026-02-04T00:12:59.254+0000] {processor.py:156} INFO - Started process (PID=4447) to work on /opt/airflow/dags/crypto_dag.py
[2026-02-04T00:12:59.254+0000] {processor.py:799} INFO - Processing file /opt/airflow/dags/crypto_dag.py for tasks to queue
[2026-02-04T00:12:59.255+0000] {logging_mixin.py:149} INFO - [2026-02-04T00:12:59.255+0000] {dagbag.py:541} INFO - Filling up the DagBag from /opt/airflow/dags/crypto_dag.py
[2026-02-04T00:12:59.270+0000] {processor.py:809} INFO - DAG(s) dict_keys(['crypto_volatility_pipeline']) retrieved from /opt/airflow/dags/crypto_dag.py
[2026-02-04T00:12:59.290+0000] {logging_mixin.py:149} INFO - [2026-02-04T00:12:59.290+0000] {dag.py:2726} INFO - Sync 1 DAGs
[2026-02-04T00:12:59.304+0000] {logging_mixin.py:149} INFO - [2026-02-04T00:12:59.303+0000] {dag.py:3490} INFO - Setting next_dagrun for crypto_volatility_pipeline to 2026-02-04T00:10:00+00:00, run_after=2026-02-04T00:15:00+00:00
[2026-02-04T00:12:59.311+0000] {processor.py:178} INFO - Processing /opt/airflow/dags/crypto_dag.py took 0.062 seconds
[2026-02-04T00:13:29.588+0000] {processor.py:156} INFO - Started process (PID=4448) to work on /opt/airflow/dags/crypto_dag.py
[2026-02-04T00:13:29.589+0000] {processor.py:799} INFO - Processing file /opt/airflow/dags/crypto_dag.py for tasks to queue
[2026-02-04T00:13:29.590+0000] {logging_mixin.py:149} INFO - [2026-02-04T00:13:29.589+0000] {dagbag.py:541} INFO - Filling up the DagBag from /opt/airflow/dags/crypto_dag.py
[2026-02-04T00:13:29.599+0000] {processor.py:809} INFO - DAG(s) dict_keys(['crypto_volatility_pipeline']) retrieved from /opt/airflow/dags/crypto_dag.py
[2026-02-04T00:13:29.616+0000] {logging_mixin.py:149} INFO - [2026-02-04T00:13:29.616+0000] {dag.py:2726} INFO - Sync 1 DAGs
[2026-02-04T00:13:29.628+0000] {logging_mixin.py:149} INFO - [2026-02-04T00:13:29.628+0000] {dag.py:3490} INFO - Setting next_dagrun for crypto_volatility_pipeline to 2026-02-04T00:10:00+00:00, run_after=2026-02-04T00:15:00+00:00
[2026-02-04T00:13:29.635+0000] {processor.py:178} INFO - Processing /opt/airflow/dags/crypto_dag.py took 0.049 seconds
[2026-02-04T00:13:59.927+0000] {processor.py:156} INFO - Started process (PID=4449) to work on /opt/airflow/dags/crypto_dag.py
[2026-02-04T00:13:59.928+0000] {processor.py:799} INFO - Processing file /opt/airflow/dags/crypto_dag.py for tasks to queue
[2026-02-04T00:13:59.929+0000] {logging_mixin.py:149} INFO - [2026-02-04T00:13:59.929+0000] {dagbag.py:541} INFO - Filling up the DagBag from /opt/airflow/dags/crypto_dag.py
[2026-02-04T00:13:59.940+0000] {processor.py:809} INFO - DAG(s) dict_keys(['crypto_volatility_pipeline']) retrieved from /opt/airflow/dags/crypto_dag.py
[2026-02-04T00:13:59.958+0000] {logging_mixin.py:149} INFO - [2026-02-04T00:13:59.958+0000] {dag.py:2726} INFO - Sync 1 DAGs
[2026-02-04T00:13:59.971+0000] {logging_mixin.py:149} INFO - [2026-02-04T00:13:59.971+0000] {dag.py:3490} INFO - Setting next_dagrun for crypto_volatility_pipeline to 2026-02-04T00:10:00+00:00, run_after=2026-02-04T00:15:00+00:00
[2026-02-04T00:13:59.978+0000] {processor.py:178} INFO - Processing /opt/airflow/dags/crypto_dag.py took 0.056 seconds
[2026-02-04T00:14:30.298+0000] {processor.py:156} INFO - Started process (PID=4450) to work on /opt/airflow/dags/crypto_dag.py
[2026-02-04T00:14:30.299+0000] {processor.py:799} INFO - Processing file /opt/airflow/dags/crypto_dag.py for tasks to queue
[2026-02-04T00:14:30.300+0000] {logging_mixin.py:149} INFO - [2026-02-04T00:14:30.300+0000] {dagbag.py:541} INFO - Filling up the DagBag from /opt/airflow/dags/crypto_dag.py
[2026-02-04T00:14:30.311+0000] {processor.py:809} INFO - DAG(s) dict_keys(['crypto_volatility_pipeline']) retrieved from /opt/airflow/dags/crypto_dag.py
[2026-02-04T00:14:30.330+0000] {logging_mixin.py:149} INFO - [2026-02-04T00:14:30.330+0000] {dag.py:2726} INFO - Sync 1 DAGs
[2026-02-04T00:14:30.343+0000] {logging_mixin.py:149} INFO - [2026-02-04T00:14:30.343+0000] {dag.py:3490} INFO - Setting next_dagrun for crypto_volatility_pipeline to 2026-02-04T00:10:00+00:00, run_after=2026-02-04T00:15:00+00:00
[2026-02-04T00:14:30.351+0000] {processor.py:178} INFO - Processing /opt/airflow/dags/crypto_dag.py took 0.056 seconds
[2026-02-04T00:15:00.680+0000] {processor.py:156} INFO - Started process (PID=4451) to work on /opt/airflow/dags/crypto_dag.py
[2026-02-04T00:15:00.680+0000] {processor.py:799} INFO - Processing file /opt/airflow/dags/crypto_dag.py for tasks to queue
[2026-02-04T00:15:00.681+0000] {logging_mixin.py:149} INFO - [2026-02-04T00:15:00.681+0000] {dagbag.py:541} INFO - Filling up the DagBag from /opt/airflow/dags/crypto_dag.py
[2026-02-04T00:15:00.693+0000] {processor.py:809} INFO - DAG(s) dict_keys(['crypto_volatility_pipeline']) retrieved from /opt/airflow/dags/crypto_dag.py
[2026-02-04T00:15:00.713+0000] {logging_mixin.py:149} INFO - [2026-02-04T00:15:00.713+0000] {dag.py:2726} INFO - Sync 1 DAGs
[2026-02-04T00:15:00.726+0000] {logging_mixin.py:149} INFO - [2026-02-04T00:15:00.726+0000] {dag.py:3490} INFO - Setting next_dagrun for crypto_volatility_pipeline to 2026-02-04T00:10:00+00:00, run_after=2026-02-04T00:15:00+00:00
[2026-02-04T00:15:00.734+0000] {processor.py:178} INFO - Processing /opt/airflow/dags/crypto_dag.py took 0.059 seconds
[2026-02-04T00:15:31.086+0000] {processor.py:156} INFO - Started process (PID=4472) to work on /opt/airflow/dags/crypto_dag.py
[2026-02-04T00:15:31.087+0000] {processor.py:799} INFO - Processing file /opt/airflow/dags/crypto_dag.py for tasks to queue
[2026-02-04T00:15:31.088+0000] {logging_mixin.py:149} INFO - [2026-02-04T00:15:31.087+0000] {dagbag.py:541} INFO - Filling up the DagBag from /opt/airflow/dags/crypto_dag.py
[2026-02-04T00:15:31.100+0000] {processor.py:809} INFO - DAG(s) dict_keys(['crypto_volatility_pipeline']) retrieved from /opt/airflow/dags/crypto_dag.py
[2026-02-04T00:15:31.118+0000] {logging_mixin.py:149} INFO - [2026-02-04T00:15:31.118+0000] {dag.py:2726} INFO - Sync 1 DAGs
[2026-02-04T00:15:31.131+0000] {logging_mixin.py:149} INFO - [2026-02-04T00:15:31.131+0000] {dag.py:3490} INFO - Setting next_dagrun for crypto_volatility_pipeline to 2026-02-04T00:15:00+00:00, run_after=2026-02-04T00:20:00+00:00
[2026-02-04T00:15:31.137+0000] {processor.py:178} INFO - Processing /opt/airflow/dags/crypto_dag.py took 0.055 seconds
[2026-02-04T00:16:01.436+0000] {processor.py:156} INFO - Started process (PID=4473) to work on /opt/airflow/dags/crypto_dag.py
[2026-02-04T00:16:01.436+0000] {processor.py:799} INFO - Processing file /opt/airflow/dags/crypto_dag.py for tasks to queue
[2026-02-04T00:16:01.437+0000] {logging_mixin.py:149} INFO - [2026-02-04T00:16:01.437+0000] {dagbag.py:541} INFO - Filling up the DagBag from /opt/airflow/dags/crypto_dag.py
[2026-02-04T00:16:01.448+0000] {processor.py:809} INFO - DAG(s) dict_keys(['crypto_volatility_pipeline']) retrieved from /opt/airflow/dags/crypto_dag.py
[2026-02-04T00:16:01.469+0000] {logging_mixin.py:149} INFO - [2026-02-04T00:16:01.469+0000] {dag.py:2726} INFO - Sync 1 DAGs
[2026-02-04T00:16:01.482+0000] {logging_mixin.py:149} INFO - [2026-02-04T00:16:01.482+0000] {dag.py:3490} INFO - Setting next_dagrun for crypto_volatility_pipeline to 2026-02-04T00:15:00+00:00, run_after=2026-02-04T00:20:00+00:00
[2026-02-04T00:16:01.490+0000] {processor.py:178} INFO - Processing /opt/airflow/dags/crypto_dag.py took 0.058 seconds
[2026-02-04T00:16:31.810+0000] {processor.py:156} INFO - Started process (PID=4474) to work on /opt/airflow/dags/crypto_dag.py
[2026-02-04T00:16:31.811+0000] {processor.py:799} INFO - Processing file /opt/airflow/dags/crypto_dag.py for tasks to queue
[2026-02-04T00:16:31.812+0000] {logging_mixin.py:149} INFO - [2026-02-04T00:16:31.812+0000] {dagbag.py:541} INFO - Filling up the DagBag from /opt/airflow/dags/crypto_dag.py
[2026-02-04T00:16:31.823+0000] {processor.py:809} INFO - DAG(s) dict_keys(['crypto_volatility_pipeline']) retrieved from /opt/airflow/dags/crypto_dag.py
[2026-02-04T00:16:31.841+0000] {logging_mixin.py:149} INFO - [2026-02-04T00:16:31.841+0000] {dag.py:2726} INFO - Sync 1 DAGs
[2026-02-04T00:16:31.854+0000] {logging_mixin.py:149} INFO - [2026-02-04T00:16:31.854+0000] {dag.py:3490} INFO - Setting next_dagrun for crypto_volatility_pipeline to 2026-02-04T00:15:00+00:00, run_after=2026-02-04T00:20:00+00:00
[2026-02-04T00:16:31.862+0000] {processor.py:178} INFO - Processing /opt/airflow/dags/crypto_dag.py took 0.056 seconds
[2026-02-04T00:17:02.190+0000] {processor.py:156} INFO - Started process (PID=4475) to work on /opt/airflow/dags/crypto_dag.py
[2026-02-04T00:17:02.191+0000] {processor.py:799} INFO - Processing file /opt/airflow/dags/crypto_dag.py for tasks to queue
[2026-02-04T00:17:02.192+0000] {logging_mixin.py:149} INFO - [2026-02-04T00:17:02.192+0000] {dagbag.py:541} INFO - Filling up the DagBag from /opt/airflow/dags/crypto_dag.py
[2026-02-04T00:17:02.201+0000] {processor.py:809} INFO - DAG(s) dict_keys(['crypto_volatility_pipeline']) retrieved from /opt/airflow/dags/crypto_dag.py
[2026-02-04T00:17:02.217+0000] {logging_mixin.py:149} INFO - [2026-02-04T00:17:02.217+0000] {dag.py:2726} INFO - Sync 1 DAGs
[2026-02-04T00:17:02.229+0000] {logging_mixin.py:149} INFO - [2026-02-04T00:17:02.229+0000] {dag.py:3490} INFO - Setting next_dagrun for crypto_volatility_pipeline to 2026-02-04T00:15:00+00:00, run_after=2026-02-04T00:20:00+00:00
[2026-02-04T00:17:02.236+0000] {processor.py:178} INFO - Processing /opt/airflow/dags/crypto_dag.py took 0.049 seconds
[2026-02-04T00:17:32.500+0000] {processor.py:156} INFO - Started process (PID=4476) to work on /opt/airflow/dags/crypto_dag.py
[2026-02-04T00:17:32.500+0000] {processor.py:799} INFO - Processing file /opt/airflow/dags/crypto_dag.py for tasks to queue
[2026-02-04T00:17:32.501+0000] {logging_mixin.py:149} INFO - [2026-02-04T00:17:32.501+0000] {dagbag.py:541} INFO - Filling up the DagBag from /opt/airflow/dags/crypto_dag.py
[2026-02-04T00:17:32.509+0000] {processor.py:809} INFO - DAG(s) dict_keys(['crypto_volatility_pipeline']) retrieved from /opt/airflow/dags/crypto_dag.py
[2026-02-04T00:17:32.523+0000] {logging_mixin.py:149} INFO - [2026-02-04T00:17:32.523+0000] {dag.py:2726} INFO - Sync 1 DAGs
[2026-02-04T00:17:32.535+0000] {logging_mixin.py:149} INFO - [2026-02-04T00:17:32.535+0000] {dag.py:3490} INFO - Setting next_dagrun for crypto_volatility_pipeline to 2026-02-04T00:15:00+00:00, run_after=2026-02-04T00:20:00+00:00
[2026-02-04T00:17:32.541+0000] {processor.py:178} INFO - Processing /opt/airflow/dags/crypto_dag.py took 0.044 seconds
[2026-02-04T00:18:02.827+0000] {processor.py:156} INFO - Started process (PID=4477) to work on /opt/airflow/dags/crypto_dag.py
[2026-02-04T00:18:02.828+0000] {processor.py:799} INFO - Processing file /opt/airflow/dags/crypto_dag.py for tasks to queue
[2026-02-04T00:18:02.829+0000] {logging_mixin.py:149} INFO - [2026-02-04T00:18:02.829+0000] {dagbag.py:541} INFO - Filling up the DagBag from /opt/airflow/dags/crypto_dag.py
[2026-02-04T00:18:02.839+0000] {processor.py:809} INFO - DAG(s) dict_keys(['crypto_volatility_pipeline']) retrieved from /opt/airflow/dags/crypto_dag.py
[2026-02-04T00:18:02.855+0000] {logging_mixin.py:149} INFO - [2026-02-04T00:18:02.855+0000] {dag.py:2726} INFO - Sync 1 DAGs
[2026-02-04T00:18:02.867+0000] {logging_mixin.py:149} INFO - [2026-02-04T00:18:02.867+0000] {dag.py:3490} INFO - Setting next_dagrun for crypto_volatility_pipeline to 2026-02-04T00:15:00+00:00, run_after=2026-02-04T00:20:00+00:00
[2026-02-04T00:18:02.874+0000] {processor.py:178} INFO - Processing /opt/airflow/dags/crypto_dag.py took 0.051 seconds
[2026-02-04T00:18:33.156+0000] {processor.py:156} INFO - Started process (PID=4478) to work on /opt/airflow/dags/crypto_dag.py
[2026-02-04T00:18:33.156+0000] {processor.py:799} INFO - Processing file /opt/airflow/dags/crypto_dag.py for tasks to queue
[2026-02-04T00:18:33.157+0000] {logging_mixin.py:149} INFO - [2026-02-04T00:18:33.157+0000] {dagbag.py:541} INFO - Filling up the DagBag from /opt/airflow/dags/crypto_dag.py
[2026-02-04T00:18:33.165+0000] {processor.py:809} INFO - DAG(s) dict_keys(['crypto_volatility_pipeline']) retrieved from /opt/airflow/dags/crypto_dag.py
[2026-02-04T00:18:33.180+0000] {logging_mixin.py:149} INFO - [2026-02-04T00:18:33.180+0000] {dag.py:2726} INFO - Sync 1 DAGs
[2026-02-04T00:18:33.192+0000] {logging_mixin.py:149} INFO - [2026-02-04T00:18:33.192+0000] {dag.py:3490} INFO - Setting next_dagrun for crypto_volatility_pipeline to 2026-02-04T00:15:00+00:00, run_after=2026-02-04T00:20:00+00:00
[2026-02-04T00:18:33.199+0000] {processor.py:178} INFO - Processing /opt/airflow/dags/crypto_dag.py took 0.045 seconds
[2026-02-04T00:19:03.529+0000] {processor.py:156} INFO - Started process (PID=4479) to work on /opt/airflow/dags/crypto_dag.py
[2026-02-04T00:19:03.530+0000] {processor.py:799} INFO - Processing file /opt/airflow/dags/crypto_dag.py for tasks to queue
[2026-02-04T00:19:03.531+0000] {logging_mixin.py:149} INFO - [2026-02-04T00:19:03.530+0000] {dagbag.py:541} INFO - Filling up the DagBag from /opt/airflow/dags/crypto_dag.py
[2026-02-04T00:19:03.542+0000] {processor.py:809} INFO - DAG(s) dict_keys(['crypto_volatility_pipeline']) retrieved from /opt/airflow/dags/crypto_dag.py
[2026-02-04T00:19:03.561+0000] {logging_mixin.py:149} INFO - [2026-02-04T00:19:03.561+0000] {dag.py:2726} INFO - Sync 1 DAGs
[2026-02-04T00:19:03.574+0000] {logging_mixin.py:149} INFO - [2026-02-04T00:19:03.574+0000] {dag.py:3490} INFO - Setting next_dagrun for crypto_volatility_pipeline to 2026-02-04T00:15:00+00:00, run_after=2026-02-04T00:20:00+00:00
[2026-02-04T00:19:03.582+0000] {processor.py:178} INFO - Processing /opt/airflow/dags/crypto_dag.py took 0.057 seconds
[2026-02-04T00:19:33.949+0000] {processor.py:156} INFO - Started process (PID=4480) to work on /opt/airflow/dags/crypto_dag.py
[2026-02-04T00:19:33.950+0000] {processor.py:799} INFO - Processing file /opt/airflow/dags/crypto_dag.py for tasks to queue
[2026-02-04T00:19:33.950+0000] {logging_mixin.py:149} INFO - [2026-02-04T00:19:33.950+0000] {dagbag.py:541} INFO - Filling up the DagBag from /opt/airflow/dags/crypto_dag.py
[2026-02-04T00:19:33.962+0000] {processor.py:809} INFO - DAG(s) dict_keys(['crypto_volatility_pipeline']) retrieved from /opt/airflow/dags/crypto_dag.py
[2026-02-04T00:19:33.981+0000] {logging_mixin.py:149} INFO - [2026-02-04T00:19:33.980+0000] {dag.py:2726} INFO - Sync 1 DAGs
[2026-02-04T00:19:33.993+0000] {logging_mixin.py:149} INFO - [2026-02-04T00:19:33.993+0000] {dag.py:3490} INFO - Setting next_dagrun for crypto_volatility_pipeline to 2026-02-04T00:15:00+00:00, run_after=2026-02-04T00:20:00+00:00
[2026-02-04T00:19:34.000+0000] {processor.py:178} INFO - Processing /opt/airflow/dags/crypto_dag.py took 0.054 seconds
[2026-02-04T00:20:04.341+0000] {processor.py:156} INFO - Started process (PID=4501) to work on /opt/airflow/dags/crypto_dag.py
[2026-02-04T00:20:04.342+0000] {processor.py:799} INFO - Processing file /opt/airflow/dags/crypto_dag.py for tasks to queue
[2026-02-04T00:20:04.343+0000] {logging_mixin.py:149} INFO - [2026-02-04T00:20:04.343+0000] {dagbag.py:541} INFO - Filling up the DagBag from /opt/airflow/dags/crypto_dag.py
[2026-02-04T00:20:04.357+0000] {processor.py:809} INFO - DAG(s) dict_keys(['crypto_volatility_pipeline']) retrieved from /opt/airflow/dags/crypto_dag.py
[2026-02-04T00:20:04.378+0000] {logging_mixin.py:149} INFO - [2026-02-04T00:20:04.378+0000] {dag.py:2726} INFO - Sync 1 DAGs
[2026-02-04T00:20:04.392+0000] {logging_mixin.py:149} INFO - [2026-02-04T00:20:04.392+0000] {dag.py:3490} INFO - Setting next_dagrun for crypto_volatility_pipeline to 2026-02-04T00:20:00+00:00, run_after=2026-02-04T00:25:00+00:00
[2026-02-04T00:20:04.399+0000] {processor.py:178} INFO - Processing /opt/airflow/dags/crypto_dag.py took 0.063 seconds
[2026-02-04T00:20:34.742+0000] {processor.py:156} INFO - Started process (PID=4502) to work on /opt/airflow/dags/crypto_dag.py
[2026-02-04T00:20:34.742+0000] {processor.py:799} INFO - Processing file /opt/airflow/dags/crypto_dag.py for tasks to queue
[2026-02-04T00:20:34.743+0000] {logging_mixin.py:149} INFO - [2026-02-04T00:20:34.743+0000] {dagbag.py:541} INFO - Filling up the DagBag from /opt/airflow/dags/crypto_dag.py
[2026-02-04T00:20:34.754+0000] {processor.py:809} INFO - DAG(s) dict_keys(['crypto_volatility_pipeline']) retrieved from /opt/airflow/dags/crypto_dag.py
[2026-02-04T00:20:34.772+0000] {logging_mixin.py:149} INFO - [2026-02-04T00:20:34.772+0000] {dag.py:2726} INFO - Sync 1 DAGs
[2026-02-04T00:20:34.784+0000] {logging_mixin.py:149} INFO - [2026-02-04T00:20:34.784+0000] {dag.py:3490} INFO - Setting next_dagrun for crypto_volatility_pipeline to 2026-02-04T00:20:00+00:00, run_after=2026-02-04T00:25:00+00:00
[2026-02-04T00:20:34.791+0000] {processor.py:178} INFO - Processing /opt/airflow/dags/crypto_dag.py took 0.053 seconds
[2026-02-04T00:21:05.124+0000] {processor.py:156} INFO - Started process (PID=4503) to work on /opt/airflow/dags/crypto_dag.py
[2026-02-04T00:21:05.125+0000] {processor.py:799} INFO - Processing file /opt/airflow/dags/crypto_dag.py for tasks to queue
[2026-02-04T00:21:05.125+0000] {logging_mixin.py:149} INFO - [2026-02-04T00:21:05.125+0000] {dagbag.py:541} INFO - Filling up the DagBag from /opt/airflow/dags/crypto_dag.py
[2026-02-04T00:21:05.133+0000] {processor.py:809} INFO - DAG(s) dict_keys(['crypto_volatility_pipeline']) retrieved from /opt/airflow/dags/crypto_dag.py
[2026-02-04T00:21:05.147+0000] {logging_mixin.py:149} INFO - [2026-02-04T00:21:05.147+0000] {dag.py:2726} INFO - Sync 1 DAGs
[2026-02-04T00:21:05.159+0000] {logging_mixin.py:149} INFO - [2026-02-04T00:21:05.159+0000] {dag.py:3490} INFO - Setting next_dagrun for crypto_volatility_pipeline to 2026-02-04T00:20:00+00:00, run_after=2026-02-04T00:25:00+00:00
[2026-02-04T00:21:05.166+0000] {processor.py:178} INFO - Processing /opt/airflow/dags/crypto_dag.py took 0.044 seconds
[2026-02-04T00:21:35.488+0000] {processor.py:156} INFO - Started process (PID=4504) to work on /opt/airflow/dags/crypto_dag.py
[2026-02-04T00:21:35.488+0000] {processor.py:799} INFO - Processing file /opt/airflow/dags/crypto_dag.py for tasks to queue
[2026-02-04T00:21:35.489+0000] {logging_mixin.py:149} INFO - [2026-02-04T00:21:35.489+0000] {dagbag.py:541} INFO - Filling up the DagBag from /opt/airflow/dags/crypto_dag.py
[2026-02-04T00:21:35.500+0000] {processor.py:809} INFO - DAG(s) dict_keys(['crypto_volatility_pipeline']) retrieved from /opt/airflow/dags/crypto_dag.py
[2026-02-04T00:21:35.519+0000] {logging_mixin.py:149} INFO - [2026-02-04T00:21:35.519+0000] {dag.py:2726} INFO - Sync 1 DAGs
[2026-02-04T00:21:35.532+0000] {logging_mixin.py:149} INFO - [2026-02-04T00:21:35.532+0000] {dag.py:3490} INFO - Setting next_dagrun for crypto_volatility_pipeline to 2026-02-04T00:20:00+00:00, run_after=2026-02-04T00:25:00+00:00
[2026-02-04T00:21:35.539+0000] {processor.py:178} INFO - Processing /opt/airflow/dags/crypto_dag.py took 0.054 seconds
[2026-02-04T00:22:05.890+0000] {processor.py:156} INFO - Started process (PID=4505) to work on /opt/airflow/dags/crypto_dag.py
[2026-02-04T00:22:05.891+0000] {processor.py:799} INFO - Processing file /opt/airflow/dags/crypto_dag.py for tasks to queue
[2026-02-04T00:22:05.891+0000] {logging_mixin.py:149} INFO - [2026-02-04T00:22:05.891+0000] {dagbag.py:541} INFO - Filling up the DagBag from /opt/airflow/dags/crypto_dag.py
[2026-02-04T00:22:05.899+0000] {processor.py:809} INFO - DAG(s) dict_keys(['crypto_volatility_pipeline']) retrieved from /opt/airflow/dags/crypto_dag.py
[2026-02-04T00:22:05.911+0000] {logging_mixin.py:149} INFO - [2026-02-04T00:22:05.911+0000] {dag.py:2726} INFO - Sync 1 DAGs
[2026-02-04T00:22:05.924+0000] {logging_mixin.py:149} INFO - [2026-02-04T00:22:05.924+0000] {dag.py:3490} INFO - Setting next_dagrun for crypto_volatility_pipeline to 2026-02-04T00:20:00+00:00, run_after=2026-02-04T00:25:00+00:00
[2026-02-04T00:22:05.934+0000] {processor.py:178} INFO - Processing /opt/airflow/dags/crypto_dag.py took 0.046 seconds
[2026-02-04T00:22:36.224+0000] {processor.py:156} INFO - Started process (PID=4506) to work on /opt/airflow/dags/crypto_dag.py
[2026-02-04T00:22:36.224+0000] {processor.py:799} INFO - Processing file /opt/airflow/dags/crypto_dag.py for tasks to queue
[2026-02-04T00:22:36.226+0000] {logging_mixin.py:149} INFO - [2026-02-04T00:22:36.225+0000] {dagbag.py:541} INFO - Filling up the DagBag from /opt/airflow/dags/crypto_dag.py
[2026-02-04T00:22:36.237+0000] {processor.py:809} INFO - DAG(s) dict_keys(['crypto_volatility_pipeline']) retrieved from /opt/airflow/dags/crypto_dag.py
[2026-02-04T00:22:36.255+0000] {logging_mixin.py:149} INFO - [2026-02-04T00:22:36.255+0000] {dag.py:2726} INFO - Sync 1 DAGs
[2026-02-04T00:22:36.268+0000] {logging_mixin.py:149} INFO - [2026-02-04T00:22:36.268+0000] {dag.py:3490} INFO - Setting next_dagrun for crypto_volatility_pipeline to 2026-02-04T00:20:00+00:00, run_after=2026-02-04T00:25:00+00:00
[2026-02-04T00:22:36.275+0000] {processor.py:178} INFO - Processing /opt/airflow/dags/crypto_dag.py took 0.055 seconds
[2026-02-04T00:23:06.619+0000] {processor.py:156} INFO - Started process (PID=4507) to work on /opt/airflow/dags/crypto_dag.py
[2026-02-04T00:23:06.620+0000] {processor.py:799} INFO - Processing file /opt/airflow/dags/crypto_dag.py for tasks to queue
[2026-02-04T00:23:06.621+0000] {logging_mixin.py:149} INFO - [2026-02-04T00:23:06.621+0000] {dagbag.py:541} INFO - Filling up the DagBag from /opt/airflow/dags/crypto_dag.py
[2026-02-04T00:23:06.633+0000] {processor.py:809} INFO - DAG(s) dict_keys(['crypto_volatility_pipeline']) retrieved from /opt/airflow/dags/crypto_dag.py
[2026-02-04T00:23:06.651+0000] {logging_mixin.py:149} INFO - [2026-02-04T00:23:06.651+0000] {dag.py:2726} INFO - Sync 1 DAGs
[2026-02-04T00:23:06.665+0000] {logging_mixin.py:149} INFO - [2026-02-04T00:23:06.665+0000] {dag.py:3490} INFO - Setting next_dagrun for crypto_volatility_pipeline to 2026-02-04T00:20:00+00:00, run_after=2026-02-04T00:25:00+00:00
[2026-02-04T00:23:06.672+0000] {processor.py:178} INFO - Processing /opt/airflow/dags/crypto_dag.py took 0.057 seconds
[2026-02-04T00:23:37.028+0000] {processor.py:156} INFO - Started process (PID=4508) to work on /opt/airflow/dags/crypto_dag.py
[2026-02-04T00:23:37.028+0000] {processor.py:799} INFO - Processing file /opt/airflow/dags/crypto_dag.py for tasks to queue
[2026-02-04T00:23:37.029+0000] {logging_mixin.py:149} INFO - [2026-02-04T00:23:37.029+0000] {dagbag.py:541} INFO - Filling up the DagBag from /opt/airflow/dags/crypto_dag.py
[2026-02-04T00:23:37.039+0000] {processor.py:809} INFO - DAG(s) dict_keys(['crypto_volatility_pipeline']) retrieved from /opt/airflow/dags/crypto_dag.py
[2026-02-04T00:23:37.053+0000] {logging_mixin.py:149} INFO - [2026-02-04T00:23:37.053+0000] {dag.py:2726} INFO - Sync 1 DAGs
[2026-02-04T00:23:37.066+0000] {logging_mixin.py:149} INFO - [2026-02-04T00:23:37.066+0000] {dag.py:3490} INFO - Setting next_dagrun for crypto_volatility_pipeline to 2026-02-04T00:20:00+00:00, run_after=2026-02-04T00:25:00+00:00
[2026-02-04T00:23:37.073+0000] {processor.py:178} INFO - Processing /opt/airflow/dags/crypto_dag.py took 0.049 seconds
[2026-02-04T00:24:07.442+0000] {processor.py:156} INFO - Started process (PID=4509) to work on /opt/airflow/dags/crypto_dag.py
[2026-02-04T00:24:07.443+0000] {processor.py:799} INFO - Processing file /opt/airflow/dags/crypto_dag.py for tasks to queue
[2026-02-04T00:24:07.444+0000] {logging_mixin.py:149} INFO - [2026-02-04T00:24:07.444+0000] {dagbag.py:541} INFO - Filling up the DagBag from /opt/airflow/dags/crypto_dag.py
[2026-02-04T00:24:07.454+0000] {processor.py:809} INFO - DAG(s) dict_keys(['crypto_volatility_pipeline']) retrieved from /opt/airflow/dags/crypto_dag.py
[2026-02-04T00:24:07.470+0000] {logging_mixin.py:149} INFO - [2026-02-04T00:24:07.470+0000] {dag.py:2726} INFO - Sync 1 DAGs
[2026-02-04T00:24:07.483+0000] {logging_mixin.py:149} INFO - [2026-02-04T00:24:07.483+0000] {dag.py:3490} INFO - Setting next_dagrun for crypto_volatility_pipeline to 2026-02-04T00:20:00+00:00, run_after=2026-02-04T00:25:00+00:00
[2026-02-04T00:24:07.490+0000] {processor.py:178} INFO - Processing /opt/airflow/dags/crypto_dag.py took 0.050 seconds
[2026-02-04T00:24:37.835+0000] {processor.py:156} INFO - Started process (PID=4510) to work on /opt/airflow/dags/crypto_dag.py
[2026-02-04T00:24:37.835+0000] {processor.py:799} INFO - Processing file /opt/airflow/dags/crypto_dag.py for tasks to queue
[2026-02-04T00:24:37.836+0000] {logging_mixin.py:149} INFO - [2026-02-04T00:24:37.836+0000] {dagbag.py:541} INFO - Filling up the DagBag from /opt/airflow/dags/crypto_dag.py
[2026-02-04T00:24:37.845+0000] {processor.py:809} INFO - DAG(s) dict_keys(['crypto_volatility_pipeline']) retrieved from /opt/airflow/dags/crypto_dag.py
[2026-02-04T00:24:37.861+0000] {logging_mixin.py:149} INFO - [2026-02-04T00:24:37.861+0000] {dag.py:2726} INFO - Sync 1 DAGs
[2026-02-04T00:24:37.874+0000] {logging_mixin.py:149} INFO - [2026-02-04T00:24:37.874+0000] {dag.py:3490} INFO - Setting next_dagrun for crypto_volatility_pipeline to 2026-02-04T00:20:00+00:00, run_after=2026-02-04T00:25:00+00:00
[2026-02-04T00:24:37.880+0000] {processor.py:178} INFO - Processing /opt/airflow/dags/crypto_dag.py took 0.049 seconds
[2026-02-04T00:25:08.155+0000] {processor.py:156} INFO - Started process (PID=4531) to work on /opt/airflow/dags/crypto_dag.py
[2026-02-04T00:25:08.155+0000] {processor.py:799} INFO - Processing file /opt/airflow/dags/crypto_dag.py for tasks to queue
[2026-02-04T00:25:08.156+0000] {logging_mixin.py:149} INFO - [2026-02-04T00:25:08.156+0000] {dagbag.py:541} INFO - Filling up the DagBag from /opt/airflow/dags/crypto_dag.py
[2026-02-04T00:25:08.164+0000] {processor.py:809} INFO - DAG(s) dict_keys(['crypto_volatility_pipeline']) retrieved from /opt/airflow/dags/crypto_dag.py
[2026-02-04T00:25:08.179+0000] {logging_mixin.py:149} INFO - [2026-02-04T00:25:08.179+0000] {dag.py:2726} INFO - Sync 1 DAGs
[2026-02-04T00:25:08.192+0000] {logging_mixin.py:149} INFO - [2026-02-04T00:25:08.192+0000] {dag.py:3490} INFO - Setting next_dagrun for crypto_volatility_pipeline to 2026-02-04T00:25:00+00:00, run_after=2026-02-04T00:30:00+00:00
[2026-02-04T00:25:08.200+0000] {processor.py:178} INFO - Processing /opt/airflow/dags/crypto_dag.py took 0.047 seconds
[2026-02-04T00:25:38.539+0000] {processor.py:156} INFO - Started process (PID=4532) to work on /opt/airflow/dags/crypto_dag.py
[2026-02-04T00:25:38.541+0000] {processor.py:799} INFO - Processing file /opt/airflow/dags/crypto_dag.py for tasks to queue
[2026-02-04T00:25:38.542+0000] {logging_mixin.py:149} INFO - [2026-02-04T00:25:38.541+0000] {dagbag.py:541} INFO - Filling up the DagBag from /opt/airflow/dags/crypto_dag.py
[2026-02-04T00:25:38.551+0000] {processor.py:809} INFO - DAG(s) dict_keys(['crypto_volatility_pipeline']) retrieved from /opt/airflow/dags/crypto_dag.py
[2026-02-04T00:25:38.568+0000] {logging_mixin.py:149} INFO - [2026-02-04T00:25:38.568+0000] {dag.py:2726} INFO - Sync 1 DAGs
[2026-02-04T00:25:38.580+0000] {logging_mixin.py:149} INFO - [2026-02-04T00:25:38.580+0000] {dag.py:3490} INFO - Setting next_dagrun for crypto_volatility_pipeline to 2026-02-04T00:25:00+00:00, run_after=2026-02-04T00:30:00+00:00
[2026-02-04T00:25:38.588+0000] {processor.py:178} INFO - Processing /opt/airflow/dags/crypto_dag.py took 0.052 seconds
[2026-02-04T00:26:08.954+0000] {processor.py:156} INFO - Started process (PID=4533) to work on /opt/airflow/dags/crypto_dag.py
[2026-02-04T00:26:08.955+0000] {processor.py:799} INFO - Processing file /opt/airflow/dags/crypto_dag.py for tasks to queue
[2026-02-04T00:26:08.956+0000] {logging_mixin.py:149} INFO - [2026-02-04T00:26:08.956+0000] {dagbag.py:541} INFO - Filling up the DagBag from /opt/airflow/dags/crypto_dag.py
[2026-02-04T00:26:08.969+0000] {processor.py:809} INFO - DAG(s) dict_keys(['crypto_volatility_pipeline']) retrieved from /opt/airflow/dags/crypto_dag.py
[2026-02-04T00:26:08.987+0000] {logging_mixin.py:149} INFO - [2026-02-04T00:26:08.987+0000] {dag.py:2726} INFO - Sync 1 DAGs
[2026-02-04T00:26:09.000+0000] {logging_mixin.py:149} INFO - [2026-02-04T00:26:09.000+0000] {dag.py:3490} INFO - Setting next_dagrun for crypto_volatility_pipeline to 2026-02-04T00:25:00+00:00, run_after=2026-02-04T00:30:00+00:00
[2026-02-04T00:26:09.007+0000] {processor.py:178} INFO - Processing /opt/airflow/dags/crypto_dag.py took 0.057 seconds
[2026-02-04T00:26:39.306+0000] {processor.py:156} INFO - Started process (PID=4534) to work on /opt/airflow/dags/crypto_dag.py
[2026-02-04T00:26:39.306+0000] {processor.py:799} INFO - Processing file /opt/airflow/dags/crypto_dag.py for tasks to queue
[2026-02-04T00:26:39.307+0000] {logging_mixin.py:149} INFO - [2026-02-04T00:26:39.307+0000] {dagbag.py:541} INFO - Filling up the DagBag from /opt/airflow/dags/crypto_dag.py
[2026-02-04T00:26:39.316+0000] {processor.py:809} INFO - DAG(s) dict_keys(['crypto_volatility_pipeline']) retrieved from /opt/airflow/dags/crypto_dag.py
[2026-02-04T00:26:39.336+0000] {logging_mixin.py:149} INFO - [2026-02-04T00:26:39.336+0000] {dag.py:2726} INFO - Sync 1 DAGs
[2026-02-04T00:26:39.349+0000] {logging_mixin.py:149} INFO - [2026-02-04T00:26:39.349+0000] {dag.py:3490} INFO - Setting next_dagrun for crypto_volatility_pipeline to 2026-02-04T00:25:00+00:00, run_after=2026-02-04T00:30:00+00:00
[2026-02-04T00:26:39.356+0000] {processor.py:178} INFO - Processing /opt/airflow/dags/crypto_dag.py took 0.053 seconds
[2026-02-04T00:27:09.646+0000] {processor.py:156} INFO - Started process (PID=4535) to work on /opt/airflow/dags/crypto_dag.py
[2026-02-04T00:27:09.647+0000] {processor.py:799} INFO - Processing file /opt/airflow/dags/crypto_dag.py for tasks to queue
[2026-02-04T00:27:09.648+0000] {logging_mixin.py:149} INFO - [2026-02-04T00:27:09.647+0000] {dagbag.py:541} INFO - Filling up the DagBag from /opt/airflow/dags/crypto_dag.py
[2026-02-04T00:27:09.659+0000] {processor.py:809} INFO - DAG(s) dict_keys(['crypto_volatility_pipeline']) retrieved from /opt/airflow/dags/crypto_dag.py
[2026-02-04T00:27:09.680+0000] {logging_mixin.py:149} INFO - [2026-02-04T00:27:09.680+0000] {dag.py:2726} INFO - Sync 1 DAGs
[2026-02-04T00:27:09.694+0000] {logging_mixin.py:149} INFO - [2026-02-04T00:27:09.694+0000] {dag.py:3490} INFO - Setting next_dagrun for crypto_volatility_pipeline to 2026-02-04T00:25:00+00:00, run_after=2026-02-04T00:30:00+00:00
[2026-02-04T00:27:09.701+0000] {processor.py:178} INFO - Processing /opt/airflow/dags/crypto_dag.py took 0.061 seconds
[2026-02-04T00:27:39.938+0000] {processor.py:156} INFO - Started process (PID=4536) to work on /opt/airflow/dags/crypto_dag.py
[2026-02-04T00:27:39.938+0000] {processor.py:799} INFO - Processing file /opt/airflow/dags/crypto_dag.py for tasks to queue
[2026-02-04T00:27:39.939+0000] {logging_mixin.py:149} INFO - [2026-02-04T00:27:39.939+0000] {dagbag.py:541} INFO - Filling up the DagBag from /opt/airflow/dags/crypto_dag.py
[2026-02-04T00:27:39.951+0000] {processor.py:809} INFO - DAG(s) dict_keys(['crypto_volatility_pipeline']) retrieved from /opt/airflow/dags/crypto_dag.py
[2026-02-04T00:27:39.971+0000] {logging_mixin.py:149} INFO - [2026-02-04T00:27:39.971+0000] {dag.py:2726} INFO - Sync 1 DAGs
[2026-02-04T00:27:39.984+0000] {logging_mixin.py:149} INFO - [2026-02-04T00:27:39.984+0000] {dag.py:3490} INFO - Setting next_dagrun for crypto_volatility_pipeline to 2026-02-04T00:25:00+00:00, run_after=2026-02-04T00:30:00+00:00
[2026-02-04T00:27:39.991+0000] {processor.py:178} INFO - Processing /opt/airflow/dags/crypto_dag.py took 0.057 seconds
[2026-02-04T00:28:10.273+0000] {processor.py:156} INFO - Started process (PID=4537) to work on /opt/airflow/dags/crypto_dag.py
[2026-02-04T00:28:10.274+0000] {processor.py:799} INFO - Processing file /opt/airflow/dags/crypto_dag.py for tasks to queue
[2026-02-04T00:28:10.275+0000] {logging_mixin.py:149} INFO - [2026-02-04T00:28:10.275+0000] {dagbag.py:541} INFO - Filling up the DagBag from /opt/airflow/dags/crypto_dag.py
[2026-02-04T00:28:10.295+0000] {processor.py:809} INFO - DAG(s) dict_keys(['crypto_volatility_pipeline']) retrieved from /opt/airflow/dags/crypto_dag.py
[2026-02-04T00:28:10.319+0000] {logging_mixin.py:149} INFO - [2026-02-04T00:28:10.319+0000] {dag.py:2726} INFO - Sync 1 DAGs
[2026-02-04T00:28:10.334+0000] {logging_mixin.py:149} INFO - [2026-02-04T00:28:10.334+0000] {dag.py:3490} INFO - Setting next_dagrun for crypto_volatility_pipeline to 2026-02-04T00:25:00+00:00, run_after=2026-02-04T00:30:00+00:00
[2026-02-04T00:28:10.342+0000] {processor.py:178} INFO - Processing /opt/airflow/dags/crypto_dag.py took 0.078 seconds
[2026-02-04T00:28:40.514+0000] {processor.py:156} INFO - Started process (PID=4538) to work on /opt/airflow/dags/crypto_dag.py
[2026-02-04T00:28:40.515+0000] {processor.py:799} INFO - Processing file /opt/airflow/dags/crypto_dag.py for tasks to queue
[2026-02-04T00:28:40.516+0000] {logging_mixin.py:149} INFO - [2026-02-04T00:28:40.516+0000] {dagbag.py:541} INFO - Filling up the DagBag from /opt/airflow/dags/crypto_dag.py
[2026-02-04T00:28:40.527+0000] {processor.py:809} INFO - DAG(s) dict_keys(['crypto_volatility_pipeline']) retrieved from /opt/airflow/dags/crypto_dag.py
[2026-02-04T00:28:40.549+0000] {logging_mixin.py:149} INFO - [2026-02-04T00:28:40.548+0000] {dag.py:2726} INFO - Sync 1 DAGs
[2026-02-04T00:28:40.562+0000] {logging_mixin.py:149} INFO - [2026-02-04T00:28:40.562+0000] {dag.py:3490} INFO - Setting next_dagrun for crypto_volatility_pipeline to 2026-02-04T00:25:00+00:00, run_after=2026-02-04T00:30:00+00:00
[2026-02-04T00:28:40.570+0000] {processor.py:178} INFO - Processing /opt/airflow/dags/crypto_dag.py took 0.060 seconds
[2026-02-04T00:29:10.796+0000] {processor.py:156} INFO - Started process (PID=4539) to work on /opt/airflow/dags/crypto_dag.py
[2026-02-04T00:29:10.797+0000] {processor.py:799} INFO - Processing file /opt/airflow/dags/crypto_dag.py for tasks to queue
[2026-02-04T00:29:10.798+0000] {logging_mixin.py:149} INFO - [2026-02-04T00:29:10.798+0000] {dagbag.py:541} INFO - Filling up the DagBag from /opt/airflow/dags/crypto_dag.py
[2026-02-04T00:29:10.810+0000] {processor.py:809} INFO - DAG(s) dict_keys(['crypto_volatility_pipeline']) retrieved from /opt/airflow/dags/crypto_dag.py
[2026-02-04T00:29:10.831+0000] {logging_mixin.py:149} INFO - [2026-02-04T00:29:10.831+0000] {dag.py:2726} INFO - Sync 1 DAGs
[2026-02-04T00:29:10.846+0000] {logging_mixin.py:149} INFO - [2026-02-04T00:29:10.845+0000] {dag.py:3490} INFO - Setting next_dagrun for crypto_volatility_pipeline to 2026-02-04T00:25:00+00:00, run_after=2026-02-04T00:30:00+00:00
[2026-02-04T00:29:10.852+0000] {processor.py:178} INFO - Processing /opt/airflow/dags/crypto_dag.py took 0.061 seconds
[2026-02-04T00:29:41.061+0000] {processor.py:156} INFO - Started process (PID=4540) to work on /opt/airflow/dags/crypto_dag.py
[2026-02-04T00:29:41.062+0000] {processor.py:799} INFO - Processing file /opt/airflow/dags/crypto_dag.py for tasks to queue
[2026-02-04T00:29:41.063+0000] {logging_mixin.py:149} INFO - [2026-02-04T00:29:41.063+0000] {dagbag.py:541} INFO - Filling up the DagBag from /opt/airflow/dags/crypto_dag.py
[2026-02-04T00:29:41.074+0000] {processor.py:809} INFO - DAG(s) dict_keys(['crypto_volatility_pipeline']) retrieved from /opt/airflow/dags/crypto_dag.py
[2026-02-04T00:29:41.095+0000] {logging_mixin.py:149} INFO - [2026-02-04T00:29:41.095+0000] {dag.py:2726} INFO - Sync 1 DAGs
[2026-02-04T00:29:41.107+0000] {logging_mixin.py:149} INFO - [2026-02-04T00:29:41.107+0000] {dag.py:3490} INFO - Setting next_dagrun for crypto_volatility_pipeline to 2026-02-04T00:25:00+00:00, run_after=2026-02-04T00:30:00+00:00
[2026-02-04T00:29:41.114+0000] {processor.py:178} INFO - Processing /opt/airflow/dags/crypto_dag.py took 0.059 seconds
[2026-02-04T00:30:11.322+0000] {processor.py:156} INFO - Started process (PID=4561) to work on /opt/airflow/dags/crypto_dag.py
[2026-02-04T00:30:11.323+0000] {processor.py:799} INFO - Processing file /opt/airflow/dags/crypto_dag.py for tasks to queue
[2026-02-04T00:30:11.324+0000] {logging_mixin.py:149} INFO - [2026-02-04T00:30:11.324+0000] {dagbag.py:541} INFO - Filling up the DagBag from /opt/airflow/dags/crypto_dag.py
[2026-02-04T00:30:11.336+0000] {processor.py:809} INFO - DAG(s) dict_keys(['crypto_volatility_pipeline']) retrieved from /opt/airflow/dags/crypto_dag.py
[2026-02-04T00:30:11.357+0000] {logging_mixin.py:149} INFO - [2026-02-04T00:30:11.357+0000] {dag.py:2726} INFO - Sync 1 DAGs
[2026-02-04T00:30:11.370+0000] {logging_mixin.py:149} INFO - [2026-02-04T00:30:11.370+0000] {dag.py:3490} INFO - Setting next_dagrun for crypto_volatility_pipeline to 2026-02-04T00:30:00+00:00, run_after=2026-02-04T00:35:00+00:00
[2026-02-04T00:30:11.378+0000] {processor.py:178} INFO - Processing /opt/airflow/dags/crypto_dag.py took 0.060 seconds
[2026-02-04T00:30:41.651+0000] {processor.py:156} INFO - Started process (PID=4562) to work on /opt/airflow/dags/crypto_dag.py
[2026-02-04T00:30:41.652+0000] {processor.py:799} INFO - Processing file /opt/airflow/dags/crypto_dag.py for tasks to queue
[2026-02-04T00:30:41.653+0000] {logging_mixin.py:149} INFO - [2026-02-04T00:30:41.653+0000] {dagbag.py:541} INFO - Filling up the DagBag from /opt/airflow/dags/crypto_dag.py
[2026-02-04T00:30:41.664+0000] {processor.py:809} INFO - DAG(s) dict_keys(['crypto_volatility_pipeline']) retrieved from /opt/airflow/dags/crypto_dag.py
[2026-02-04T00:30:41.684+0000] {logging_mixin.py:149} INFO - [2026-02-04T00:30:41.684+0000] {dag.py:2726} INFO - Sync 1 DAGs
[2026-02-04T00:30:41.697+0000] {logging_mixin.py:149} INFO - [2026-02-04T00:30:41.697+0000] {dag.py:3490} INFO - Setting next_dagrun for crypto_volatility_pipeline to 2026-02-04T00:30:00+00:00, run_after=2026-02-04T00:35:00+00:00
[2026-02-04T00:30:41.705+0000] {processor.py:178} INFO - Processing /opt/airflow/dags/crypto_dag.py took 0.057 seconds
[2026-02-04T00:31:11.981+0000] {processor.py:156} INFO - Started process (PID=4563) to work on /opt/airflow/dags/crypto_dag.py
[2026-02-04T00:31:11.982+0000] {processor.py:799} INFO - Processing file /opt/airflow/dags/crypto_dag.py for tasks to queue
[2026-02-04T00:31:11.983+0000] {logging_mixin.py:149} INFO - [2026-02-04T00:31:11.983+0000] {dagbag.py:541} INFO - Filling up the DagBag from /opt/airflow/dags/crypto_dag.py
[2026-02-04T00:31:12.000+0000] {processor.py:809} INFO - DAG(s) dict_keys(['crypto_volatility_pipeline']) retrieved from /opt/airflow/dags/crypto_dag.py
[2026-02-04T00:31:12.022+0000] {logging_mixin.py:149} INFO - [2026-02-04T00:31:12.022+0000] {dag.py:2726} INFO - Sync 1 DAGs
[2026-02-04T00:31:12.037+0000] {logging_mixin.py:149} INFO - [2026-02-04T00:31:12.037+0000] {dag.py:3490} INFO - Setting next_dagrun for crypto_volatility_pipeline to 2026-02-04T00:30:00+00:00, run_after=2026-02-04T00:35:00+00:00
[2026-02-04T00:31:12.045+0000] {processor.py:178} INFO - Processing /opt/airflow/dags/crypto_dag.py took 0.069 seconds
[2026-02-04T00:31:42.314+0000] {processor.py:156} INFO - Started process (PID=4564) to work on /opt/airflow/dags/crypto_dag.py
[2026-02-04T00:31:42.315+0000] {processor.py:799} INFO - Processing file /opt/airflow/dags/crypto_dag.py for tasks to queue
[2026-02-04T00:31:42.315+0000] {logging_mixin.py:149} INFO - [2026-02-04T00:31:42.315+0000] {dagbag.py:541} INFO - Filling up the DagBag from /opt/airflow/dags/crypto_dag.py
[2026-02-04T00:31:42.326+0000] {processor.py:809} INFO - DAG(s) dict_keys(['crypto_volatility_pipeline']) retrieved from /opt/airflow/dags/crypto_dag.py
[2026-02-04T00:31:42.345+0000] {logging_mixin.py:149} INFO - [2026-02-04T00:31:42.344+0000] {dag.py:2726} INFO - Sync 1 DAGs
[2026-02-04T00:31:42.357+0000] {logging_mixin.py:149} INFO - [2026-02-04T00:31:42.357+0000] {dag.py:3490} INFO - Setting next_dagrun for crypto_volatility_pipeline to 2026-02-04T00:30:00+00:00, run_after=2026-02-04T00:35:00+00:00
[2026-02-04T00:31:42.365+0000] {processor.py:178} INFO - Processing /opt/airflow/dags/crypto_dag.py took 0.055 seconds
[2026-02-04T00:32:12.639+0000] {processor.py:156} INFO - Started process (PID=4565) to work on /opt/airflow/dags/crypto_dag.py
[2026-02-04T00:32:12.640+0000] {processor.py:799} INFO - Processing file /opt/airflow/dags/crypto_dag.py for tasks to queue
[2026-02-04T00:32:12.641+0000] {logging_mixin.py:149} INFO - [2026-02-04T00:32:12.641+0000] {dagbag.py:541} INFO - Filling up the DagBag from /opt/airflow/dags/crypto_dag.py
[2026-02-04T00:32:12.652+0000] {processor.py:809} INFO - DAG(s) dict_keys(['crypto_volatility_pipeline']) retrieved from /opt/airflow/dags/crypto_dag.py
[2026-02-04T00:32:12.669+0000] {logging_mixin.py:149} INFO - [2026-02-04T00:32:12.669+0000] {dag.py:2726} INFO - Sync 1 DAGs
[2026-02-04T00:32:12.683+0000] {logging_mixin.py:149} INFO - [2026-02-04T00:32:12.682+0000] {dag.py:3490} INFO - Setting next_dagrun for crypto_volatility_pipeline to 2026-02-04T00:30:00+00:00, run_after=2026-02-04T00:35:00+00:00
[2026-02-04T00:32:12.689+0000] {processor.py:178} INFO - Processing /opt/airflow/dags/crypto_dag.py took 0.056 seconds
[2026-02-04T00:32:42.935+0000] {processor.py:156} INFO - Started process (PID=4566) to work on /opt/airflow/dags/crypto_dag.py
[2026-02-04T00:32:42.937+0000] {processor.py:799} INFO - Processing file /opt/airflow/dags/crypto_dag.py for tasks to queue
[2026-02-04T00:32:42.937+0000] {logging_mixin.py:149} INFO - [2026-02-04T00:32:42.937+0000] {dagbag.py:541} INFO - Filling up the DagBag from /opt/airflow/dags/crypto_dag.py
[2026-02-04T00:32:42.950+0000] {processor.py:809} INFO - DAG(s) dict_keys(['crypto_volatility_pipeline']) retrieved from /opt/airflow/dags/crypto_dag.py
[2026-02-04T00:32:42.967+0000] {logging_mixin.py:149} INFO - [2026-02-04T00:32:42.967+0000] {dag.py:2726} INFO - Sync 1 DAGs
[2026-02-04T00:32:42.980+0000] {logging_mixin.py:149} INFO - [2026-02-04T00:32:42.980+0000] {dag.py:3490} INFO - Setting next_dagrun for crypto_volatility_pipeline to 2026-02-04T00:30:00+00:00, run_after=2026-02-04T00:35:00+00:00
[2026-02-04T00:32:42.988+0000] {processor.py:178} INFO - Processing /opt/airflow/dags/crypto_dag.py took 0.056 seconds
[2026-02-04T00:33:13.232+0000] {processor.py:156} INFO - Started process (PID=4567) to work on /opt/airflow/dags/crypto_dag.py
[2026-02-04T00:33:13.233+0000] {processor.py:799} INFO - Processing file /opt/airflow/dags/crypto_dag.py for tasks to queue
[2026-02-04T00:33:13.234+0000] {logging_mixin.py:149} INFO - [2026-02-04T00:33:13.234+0000] {dagbag.py:541} INFO - Filling up the DagBag from /opt/airflow/dags/crypto_dag.py
[2026-02-04T00:33:13.248+0000] {processor.py:809} INFO - DAG(s) dict_keys(['crypto_volatility_pipeline']) retrieved from /opt/airflow/dags/crypto_dag.py
[2026-02-04T00:33:13.266+0000] {logging_mixin.py:149} INFO - [2026-02-04T00:33:13.266+0000] {dag.py:2726} INFO - Sync 1 DAGs
[2026-02-04T00:33:13.279+0000] {logging_mixin.py:149} INFO - [2026-02-04T00:33:13.279+0000] {dag.py:3490} INFO - Setting next_dagrun for crypto_volatility_pipeline to 2026-02-04T00:30:00+00:00, run_after=2026-02-04T00:35:00+00:00
[2026-02-04T00:33:13.286+0000] {processor.py:178} INFO - Processing /opt/airflow/dags/crypto_dag.py took 0.059 seconds
[2026-02-04T00:33:43.503+0000] {processor.py:156} INFO - Started process (PID=4568) to work on /opt/airflow/dags/crypto_dag.py
[2026-02-04T00:33:43.504+0000] {processor.py:799} INFO - Processing file /opt/airflow/dags/crypto_dag.py for tasks to queue
[2026-02-04T00:33:43.505+0000] {logging_mixin.py:149} INFO - [2026-02-04T00:33:43.505+0000] {dagbag.py:541} INFO - Filling up the DagBag from /opt/airflow/dags/crypto_dag.py
[2026-02-04T00:33:43.517+0000] {processor.py:809} INFO - DAG(s) dict_keys(['crypto_volatility_pipeline']) retrieved from /opt/airflow/dags/crypto_dag.py
[2026-02-04T00:33:43.534+0000] {logging_mixin.py:149} INFO - [2026-02-04T00:33:43.534+0000] {dag.py:2726} INFO - Sync 1 DAGs
[2026-02-04T00:33:43.547+0000] {logging_mixin.py:149} INFO - [2026-02-04T00:33:43.547+0000] {dag.py:3490} INFO - Setting next_dagrun for crypto_volatility_pipeline to 2026-02-04T00:30:00+00:00, run_after=2026-02-04T00:35:00+00:00
[2026-02-04T00:33:43.555+0000] {processor.py:178} INFO - Processing /opt/airflow/dags/crypto_dag.py took 0.056 seconds
[2026-02-04T00:34:13.787+0000] {processor.py:156} INFO - Started process (PID=4569) to work on /opt/airflow/dags/crypto_dag.py
[2026-02-04T00:34:13.788+0000] {processor.py:799} INFO - Processing file /opt/airflow/dags/crypto_dag.py for tasks to queue
[2026-02-04T00:34:13.788+0000] {logging_mixin.py:149} INFO - [2026-02-04T00:34:13.788+0000] {dagbag.py:541} INFO - Filling up the DagBag from /opt/airflow/dags/crypto_dag.py
[2026-02-04T00:34:13.796+0000] {processor.py:809} INFO - DAG(s) dict_keys(['crypto_volatility_pipeline']) retrieved from /opt/airflow/dags/crypto_dag.py
[2026-02-04T00:34:13.810+0000] {logging_mixin.py:149} INFO - [2026-02-04T00:34:13.810+0000] {dag.py:2726} INFO - Sync 1 DAGs
[2026-02-04T00:34:13.823+0000] {logging_mixin.py:149} INFO - [2026-02-04T00:34:13.823+0000] {dag.py:3490} INFO - Setting next_dagrun for crypto_volatility_pipeline to 2026-02-04T00:30:00+00:00, run_after=2026-02-04T00:35:00+00:00
[2026-02-04T00:34:13.830+0000] {processor.py:178} INFO - Processing /opt/airflow/dags/crypto_dag.py took 0.047 seconds
[2026-02-04T00:34:44.077+0000] {processor.py:156} INFO - Started process (PID=4570) to work on /opt/airflow/dags/crypto_dag.py
[2026-02-04T00:34:44.078+0000] {processor.py:799} INFO - Processing file /opt/airflow/dags/crypto_dag.py for tasks to queue
[2026-02-04T00:34:44.079+0000] {logging_mixin.py:149} INFO - [2026-02-04T00:34:44.079+0000] {dagbag.py:541} INFO - Filling up the DagBag from /opt/airflow/dags/crypto_dag.py
[2026-02-04T00:34:44.092+0000] {processor.py:809} INFO - DAG(s) dict_keys(['crypto_volatility_pipeline']) retrieved from /opt/airflow/dags/crypto_dag.py
[2026-02-04T00:34:44.109+0000] {logging_mixin.py:149} INFO - [2026-02-04T00:34:44.109+0000] {dag.py:2726} INFO - Sync 1 DAGs
[2026-02-04T00:34:44.122+0000] {logging_mixin.py:149} INFO - [2026-02-04T00:34:44.122+0000] {dag.py:3490} INFO - Setting next_dagrun for crypto_volatility_pipeline to 2026-02-04T00:30:00+00:00, run_after=2026-02-04T00:35:00+00:00
[2026-02-04T00:34:44.130+0000] {processor.py:178} INFO - Processing /opt/airflow/dags/crypto_dag.py took 0.057 seconds
[2026-02-04T00:35:14.360+0000] {processor.py:156} INFO - Started process (PID=4591) to work on /opt/airflow/dags/crypto_dag.py
[2026-02-04T00:35:14.361+0000] {processor.py:799} INFO - Processing file /opt/airflow/dags/crypto_dag.py for tasks to queue
[2026-02-04T00:35:14.362+0000] {logging_mixin.py:149} INFO - [2026-02-04T00:35:14.362+0000] {dagbag.py:541} INFO - Filling up the DagBag from /opt/airflow/dags/crypto_dag.py
[2026-02-04T00:35:14.373+0000] {processor.py:809} INFO - DAG(s) dict_keys(['crypto_volatility_pipeline']) retrieved from /opt/airflow/dags/crypto_dag.py
[2026-02-04T00:35:14.390+0000] {logging_mixin.py:149} INFO - [2026-02-04T00:35:14.390+0000] {dag.py:2726} INFO - Sync 1 DAGs
[2026-02-04T00:35:14.405+0000] {logging_mixin.py:149} INFO - [2026-02-04T00:35:14.405+0000] {dag.py:3490} INFO - Setting next_dagrun for crypto_volatility_pipeline to 2026-02-04T00:35:00+00:00, run_after=2026-02-04T00:40:00+00:00
[2026-02-04T00:35:14.412+0000] {processor.py:178} INFO - Processing /opt/airflow/dags/crypto_dag.py took 0.058 seconds
[2026-02-04T00:35:44.646+0000] {processor.py:156} INFO - Started process (PID=4592) to work on /opt/airflow/dags/crypto_dag.py
[2026-02-04T00:35:44.647+0000] {processor.py:799} INFO - Processing file /opt/airflow/dags/crypto_dag.py for tasks to queue
[2026-02-04T00:35:44.648+0000] {logging_mixin.py:149} INFO - [2026-02-04T00:35:44.648+0000] {dagbag.py:541} INFO - Filling up the DagBag from /opt/airflow/dags/crypto_dag.py
[2026-02-04T00:35:44.660+0000] {processor.py:809} INFO - DAG(s) dict_keys(['crypto_volatility_pipeline']) retrieved from /opt/airflow/dags/crypto_dag.py
[2026-02-04T00:35:44.675+0000] {logging_mixin.py:149} INFO - [2026-02-04T00:35:44.674+0000] {dag.py:2726} INFO - Sync 1 DAGs
[2026-02-04T00:35:44.688+0000] {logging_mixin.py:149} INFO - [2026-02-04T00:35:44.688+0000] {dag.py:3490} INFO - Setting next_dagrun for crypto_volatility_pipeline to 2026-02-04T00:35:00+00:00, run_after=2026-02-04T00:40:00+00:00
[2026-02-04T00:35:44.695+0000] {processor.py:178} INFO - Processing /opt/airflow/dags/crypto_dag.py took 0.055 seconds
[2026-02-04T00:36:14.946+0000] {processor.py:156} INFO - Started process (PID=4593) to work on /opt/airflow/dags/crypto_dag.py
[2026-02-04T00:36:14.947+0000] {processor.py:799} INFO - Processing file /opt/airflow/dags/crypto_dag.py for tasks to queue
[2026-02-04T00:36:14.948+0000] {logging_mixin.py:149} INFO - [2026-02-04T00:36:14.948+0000] {dagbag.py:541} INFO - Filling up the DagBag from /opt/airflow/dags/crypto_dag.py
[2026-02-04T00:36:14.959+0000] {processor.py:809} INFO - DAG(s) dict_keys(['crypto_volatility_pipeline']) retrieved from /opt/airflow/dags/crypto_dag.py
[2026-02-04T00:36:14.980+0000] {logging_mixin.py:149} INFO - [2026-02-04T00:36:14.980+0000] {dag.py:2726} INFO - Sync 1 DAGs
[2026-02-04T00:36:14.994+0000] {logging_mixin.py:149} INFO - [2026-02-04T00:36:14.994+0000] {dag.py:3490} INFO - Setting next_dagrun for crypto_volatility_pipeline to 2026-02-04T00:35:00+00:00, run_after=2026-02-04T00:40:00+00:00
[2026-02-04T00:36:15.001+0000] {processor.py:178} INFO - Processing /opt/airflow/dags/crypto_dag.py took 0.061 seconds
[2026-02-04T00:36:45.271+0000] {processor.py:156} INFO - Started process (PID=4594) to work on /opt/airflow/dags/crypto_dag.py
[2026-02-04T00:36:45.271+0000] {processor.py:799} INFO - Processing file /opt/airflow/dags/crypto_dag.py for tasks to queue
[2026-02-04T00:36:45.272+0000] {logging_mixin.py:149} INFO - [2026-02-04T00:36:45.272+0000] {dagbag.py:541} INFO - Filling up the DagBag from /opt/airflow/dags/crypto_dag.py
[2026-02-04T00:36:45.282+0000] {processor.py:809} INFO - DAG(s) dict_keys(['crypto_volatility_pipeline']) retrieved from /opt/airflow/dags/crypto_dag.py
[2026-02-04T00:36:45.300+0000] {logging_mixin.py:149} INFO - [2026-02-04T00:36:45.300+0000] {dag.py:2726} INFO - Sync 1 DAGs
[2026-02-04T00:36:45.311+0000] {logging_mixin.py:149} INFO - [2026-02-04T00:36:45.311+0000] {dag.py:3490} INFO - Setting next_dagrun for crypto_volatility_pipeline to 2026-02-04T00:35:00+00:00, run_after=2026-02-04T00:40:00+00:00
[2026-02-04T00:36:45.318+0000] {processor.py:178} INFO - Processing /opt/airflow/dags/crypto_dag.py took 0.050 seconds
[2026-02-04T00:37:15.588+0000] {processor.py:156} INFO - Started process (PID=4595) to work on /opt/airflow/dags/crypto_dag.py
[2026-02-04T00:37:15.589+0000] {processor.py:799} INFO - Processing file /opt/airflow/dags/crypto_dag.py for tasks to queue
[2026-02-04T00:37:15.590+0000] {logging_mixin.py:149} INFO - [2026-02-04T00:37:15.590+0000] {dagbag.py:541} INFO - Filling up the DagBag from /opt/airflow/dags/crypto_dag.py
[2026-02-04T00:37:15.601+0000] {processor.py:809} INFO - DAG(s) dict_keys(['crypto_volatility_pipeline']) retrieved from /opt/airflow/dags/crypto_dag.py
[2026-02-04T00:37:15.621+0000] {logging_mixin.py:149} INFO - [2026-02-04T00:37:15.621+0000] {dag.py:2726} INFO - Sync 1 DAGs
[2026-02-04T00:37:15.634+0000] {logging_mixin.py:149} INFO - [2026-02-04T00:37:15.634+0000] {dag.py:3490} INFO - Setting next_dagrun for crypto_volatility_pipeline to 2026-02-04T00:35:00+00:00, run_after=2026-02-04T00:40:00+00:00
[2026-02-04T00:37:15.641+0000] {processor.py:178} INFO - Processing /opt/airflow/dags/crypto_dag.py took 0.058 seconds
[2026-02-04T00:37:45.924+0000] {processor.py:156} INFO - Started process (PID=4596) to work on /opt/airflow/dags/crypto_dag.py
[2026-02-04T00:37:45.924+0000] {processor.py:799} INFO - Processing file /opt/airflow/dags/crypto_dag.py for tasks to queue
[2026-02-04T00:37:45.925+0000] {logging_mixin.py:149} INFO - [2026-02-04T00:37:45.925+0000] {dagbag.py:541} INFO - Filling up the DagBag from /opt/airflow/dags/crypto_dag.py
[2026-02-04T00:37:45.937+0000] {processor.py:809} INFO - DAG(s) dict_keys(['crypto_volatility_pipeline']) retrieved from /opt/airflow/dags/crypto_dag.py
[2026-02-04T00:37:45.956+0000] {logging_mixin.py:149} INFO - [2026-02-04T00:37:45.956+0000] {dag.py:2726} INFO - Sync 1 DAGs
[2026-02-04T00:37:45.969+0000] {logging_mixin.py:149} INFO - [2026-02-04T00:37:45.969+0000] {dag.py:3490} INFO - Setting next_dagrun for crypto_volatility_pipeline to 2026-02-04T00:35:00+00:00, run_after=2026-02-04T00:40:00+00:00
[2026-02-04T00:37:45.976+0000] {processor.py:178} INFO - Processing /opt/airflow/dags/crypto_dag.py took 0.056 seconds
[2026-02-04T00:38:16.280+0000] {processor.py:156} INFO - Started process (PID=4597) to work on /opt/airflow/dags/crypto_dag.py
[2026-02-04T00:38:16.281+0000] {processor.py:799} INFO - Processing file /opt/airflow/dags/crypto_dag.py for tasks to queue
[2026-02-04T00:38:16.281+0000] {logging_mixin.py:149} INFO - [2026-02-04T00:38:16.281+0000] {dagbag.py:541} INFO - Filling up the DagBag from /opt/airflow/dags/crypto_dag.py
[2026-02-04T00:38:16.293+0000] {processor.py:809} INFO - DAG(s) dict_keys(['crypto_volatility_pipeline']) retrieved from /opt/airflow/dags/crypto_dag.py
[2026-02-04T00:38:16.313+0000] {logging_mixin.py:149} INFO - [2026-02-04T00:38:16.313+0000] {dag.py:2726} INFO - Sync 1 DAGs
[2026-02-04T00:38:16.327+0000] {logging_mixin.py:149} INFO - [2026-02-04T00:38:16.327+0000] {dag.py:3490} INFO - Setting next_dagrun for crypto_volatility_pipeline to 2026-02-04T00:35:00+00:00, run_after=2026-02-04T00:40:00+00:00
[2026-02-04T00:38:16.334+0000] {processor.py:178} INFO - Processing /opt/airflow/dags/crypto_dag.py took 0.058 seconds
[2026-02-04T00:38:46.652+0000] {processor.py:156} INFO - Started process (PID=4598) to work on /opt/airflow/dags/crypto_dag.py
[2026-02-04T00:38:46.654+0000] {processor.py:799} INFO - Processing file /opt/airflow/dags/crypto_dag.py for tasks to queue
[2026-02-04T00:38:46.654+0000] {logging_mixin.py:149} INFO - [2026-02-04T00:38:46.654+0000] {dagbag.py:541} INFO - Filling up the DagBag from /opt/airflow/dags/crypto_dag.py
[2026-02-04T00:38:46.666+0000] {processor.py:809} INFO - DAG(s) dict_keys(['crypto_volatility_pipeline']) retrieved from /opt/airflow/dags/crypto_dag.py
[2026-02-04T00:38:46.686+0000] {logging_mixin.py:149} INFO - [2026-02-04T00:38:46.686+0000] {dag.py:2726} INFO - Sync 1 DAGs
[2026-02-04T00:38:46.700+0000] {logging_mixin.py:149} INFO - [2026-02-04T00:38:46.700+0000] {dag.py:3490} INFO - Setting next_dagrun for crypto_volatility_pipeline to 2026-02-04T00:35:00+00:00, run_after=2026-02-04T00:40:00+00:00
[2026-02-04T00:38:46.708+0000] {processor.py:178} INFO - Processing /opt/airflow/dags/crypto_dag.py took 0.060 seconds
[2026-02-04T00:39:17.059+0000] {processor.py:156} INFO - Started process (PID=4599) to work on /opt/airflow/dags/crypto_dag.py
[2026-02-04T00:39:17.060+0000] {processor.py:799} INFO - Processing file /opt/airflow/dags/crypto_dag.py for tasks to queue
[2026-02-04T00:39:17.060+0000] {logging_mixin.py:149} INFO - [2026-02-04T00:39:17.060+0000] {dagbag.py:541} INFO - Filling up the DagBag from /opt/airflow/dags/crypto_dag.py
[2026-02-04T00:39:17.071+0000] {processor.py:809} INFO - DAG(s) dict_keys(['crypto_volatility_pipeline']) retrieved from /opt/airflow/dags/crypto_dag.py
[2026-02-04T00:39:17.092+0000] {logging_mixin.py:149} INFO - [2026-02-04T00:39:17.092+0000] {dag.py:2726} INFO - Sync 1 DAGs
[2026-02-04T00:39:17.106+0000] {logging_mixin.py:149} INFO - [2026-02-04T00:39:17.106+0000] {dag.py:3490} INFO - Setting next_dagrun for crypto_volatility_pipeline to 2026-02-04T00:35:00+00:00, run_after=2026-02-04T00:40:00+00:00
[2026-02-04T00:39:17.113+0000] {processor.py:178} INFO - Processing /opt/airflow/dags/crypto_dag.py took 0.058 seconds
[2026-02-04T00:39:47.376+0000] {processor.py:156} INFO - Started process (PID=4600) to work on /opt/airflow/dags/crypto_dag.py
[2026-02-04T00:39:47.377+0000] {processor.py:799} INFO - Processing file /opt/airflow/dags/crypto_dag.py for tasks to queue
[2026-02-04T00:39:47.377+0000] {logging_mixin.py:149} INFO - [2026-02-04T00:39:47.377+0000] {dagbag.py:541} INFO - Filling up the DagBag from /opt/airflow/dags/crypto_dag.py
[2026-02-04T00:39:47.393+0000] {processor.py:809} INFO - DAG(s) dict_keys(['crypto_volatility_pipeline']) retrieved from /opt/airflow/dags/crypto_dag.py
[2026-02-04T00:39:47.412+0000] {logging_mixin.py:149} INFO - [2026-02-04T00:39:47.412+0000] {dag.py:2726} INFO - Sync 1 DAGs
[2026-02-04T00:39:47.425+0000] {logging_mixin.py:149} INFO - [2026-02-04T00:39:47.425+0000] {dag.py:3490} INFO - Setting next_dagrun for crypto_volatility_pipeline to 2026-02-04T00:35:00+00:00, run_after=2026-02-04T00:40:00+00:00
[2026-02-04T00:39:47.431+0000] {processor.py:178} INFO - Processing /opt/airflow/dags/crypto_dag.py took 0.060 seconds
[2026-02-04T00:40:17.746+0000] {processor.py:156} INFO - Started process (PID=4621) to work on /opt/airflow/dags/crypto_dag.py
[2026-02-04T00:40:17.748+0000] {processor.py:799} INFO - Processing file /opt/airflow/dags/crypto_dag.py for tasks to queue
[2026-02-04T00:40:17.748+0000] {logging_mixin.py:149} INFO - [2026-02-04T00:40:17.748+0000] {dagbag.py:541} INFO - Filling up the DagBag from /opt/airflow/dags/crypto_dag.py
[2026-02-04T00:40:17.760+0000] {processor.py:809} INFO - DAG(s) dict_keys(['crypto_volatility_pipeline']) retrieved from /opt/airflow/dags/crypto_dag.py
[2026-02-04T00:40:17.781+0000] {logging_mixin.py:149} INFO - [2026-02-04T00:40:17.781+0000] {dag.py:2726} INFO - Sync 1 DAGs
[2026-02-04T00:40:17.794+0000] {logging_mixin.py:149} INFO - [2026-02-04T00:40:17.793+0000] {dag.py:3490} INFO - Setting next_dagrun for crypto_volatility_pipeline to 2026-02-04T00:40:00+00:00, run_after=2026-02-04T00:45:00+00:00
[2026-02-04T00:40:17.800+0000] {processor.py:178} INFO - Processing /opt/airflow/dags/crypto_dag.py took 0.058 seconds
[2026-02-04T00:40:48.146+0000] {processor.py:156} INFO - Started process (PID=4622) to work on /opt/airflow/dags/crypto_dag.py
[2026-02-04T00:40:48.147+0000] {processor.py:799} INFO - Processing file /opt/airflow/dags/crypto_dag.py for tasks to queue
[2026-02-04T00:40:48.148+0000] {logging_mixin.py:149} INFO - [2026-02-04T00:40:48.148+0000] {dagbag.py:541} INFO - Filling up the DagBag from /opt/airflow/dags/crypto_dag.py
[2026-02-04T00:40:48.158+0000] {processor.py:809} INFO - DAG(s) dict_keys(['crypto_volatility_pipeline']) retrieved from /opt/airflow/dags/crypto_dag.py
[2026-02-04T00:40:48.177+0000] {logging_mixin.py:149} INFO - [2026-02-04T00:40:48.177+0000] {dag.py:2726} INFO - Sync 1 DAGs
[2026-02-04T00:40:48.189+0000] {logging_mixin.py:149} INFO - [2026-02-04T00:40:48.189+0000] {dag.py:3490} INFO - Setting next_dagrun for crypto_volatility_pipeline to 2026-02-04T00:40:00+00:00, run_after=2026-02-04T00:45:00+00:00
[2026-02-04T00:40:48.196+0000] {processor.py:178} INFO - Processing /opt/airflow/dags/crypto_dag.py took 0.053 seconds
[2026-02-04T00:41:18.525+0000] {processor.py:156} INFO - Started process (PID=4623) to work on /opt/airflow/dags/crypto_dag.py
[2026-02-04T00:41:18.526+0000] {processor.py:799} INFO - Processing file /opt/airflow/dags/crypto_dag.py for tasks to queue
[2026-02-04T00:41:18.526+0000] {logging_mixin.py:149} INFO - [2026-02-04T00:41:18.526+0000] {dagbag.py:541} INFO - Filling up the DagBag from /opt/airflow/dags/crypto_dag.py
[2026-02-04T00:41:18.542+0000] {processor.py:809} INFO - DAG(s) dict_keys(['crypto_volatility_pipeline']) retrieved from /opt/airflow/dags/crypto_dag.py
[2026-02-04T00:41:18.567+0000] {logging_mixin.py:149} INFO - [2026-02-04T00:41:18.567+0000] {dag.py:2726} INFO - Sync 1 DAGs
[2026-02-04T00:41:18.584+0000] {logging_mixin.py:149} INFO - [2026-02-04T00:41:18.584+0000] {dag.py:3490} INFO - Setting next_dagrun for crypto_volatility_pipeline to 2026-02-04T00:40:00+00:00, run_after=2026-02-04T00:45:00+00:00
[2026-02-04T00:41:18.596+0000] {processor.py:178} INFO - Processing /opt/airflow/dags/crypto_dag.py took 0.075 seconds
[2026-02-04T00:41:48.874+0000] {processor.py:156} INFO - Started process (PID=4624) to work on /opt/airflow/dags/crypto_dag.py
[2026-02-04T00:41:48.875+0000] {processor.py:799} INFO - Processing file /opt/airflow/dags/crypto_dag.py for tasks to queue
[2026-02-04T00:41:48.875+0000] {logging_mixin.py:149} INFO - [2026-02-04T00:41:48.875+0000] {dagbag.py:541} INFO - Filling up the DagBag from /opt/airflow/dags/crypto_dag.py
[2026-02-04T00:41:48.888+0000] {processor.py:809} INFO - DAG(s) dict_keys(['crypto_volatility_pipeline']) retrieved from /opt/airflow/dags/crypto_dag.py
[2026-02-04T00:41:48.909+0000] {logging_mixin.py:149} INFO - [2026-02-04T00:41:48.909+0000] {dag.py:2726} INFO - Sync 1 DAGs
[2026-02-04T00:41:48.923+0000] {logging_mixin.py:149} INFO - [2026-02-04T00:41:48.922+0000] {dag.py:3490} INFO - Setting next_dagrun for crypto_volatility_pipeline to 2026-02-04T00:40:00+00:00, run_after=2026-02-04T00:45:00+00:00
[2026-02-04T00:41:48.930+0000] {processor.py:178} INFO - Processing /opt/airflow/dags/crypto_dag.py took 0.061 seconds
[2026-02-04T00:42:19.237+0000] {processor.py:156} INFO - Started process (PID=4625) to work on /opt/airflow/dags/crypto_dag.py
[2026-02-04T00:42:19.237+0000] {processor.py:799} INFO - Processing file /opt/airflow/dags/crypto_dag.py for tasks to queue
[2026-02-04T00:42:19.238+0000] {logging_mixin.py:149} INFO - [2026-02-04T00:42:19.238+0000] {dagbag.py:541} INFO - Filling up the DagBag from /opt/airflow/dags/crypto_dag.py
[2026-02-04T00:42:19.252+0000] {processor.py:809} INFO - DAG(s) dict_keys(['crypto_volatility_pipeline']) retrieved from /opt/airflow/dags/crypto_dag.py
[2026-02-04T00:42:19.273+0000] {logging_mixin.py:149} INFO - [2026-02-04T00:42:19.273+0000] {dag.py:2726} INFO - Sync 1 DAGs
[2026-02-04T00:42:19.287+0000] {logging_mixin.py:149} INFO - [2026-02-04T00:42:19.287+0000] {dag.py:3490} INFO - Setting next_dagrun for crypto_volatility_pipeline to 2026-02-04T00:40:00+00:00, run_after=2026-02-04T00:45:00+00:00
[2026-02-04T00:42:19.294+0000] {processor.py:178} INFO - Processing /opt/airflow/dags/crypto_dag.py took 0.063 seconds
[2026-02-04T00:42:49.619+0000] {processor.py:156} INFO - Started process (PID=4626) to work on /opt/airflow/dags/crypto_dag.py
[2026-02-04T00:42:49.620+0000] {processor.py:799} INFO - Processing file /opt/airflow/dags/crypto_dag.py for tasks to queue
[2026-02-04T00:42:49.621+0000] {logging_mixin.py:149} INFO - [2026-02-04T00:42:49.621+0000] {dagbag.py:541} INFO - Filling up the DagBag from /opt/airflow/dags/crypto_dag.py
[2026-02-04T00:42:49.631+0000] {processor.py:809} INFO - DAG(s) dict_keys(['crypto_volatility_pipeline']) retrieved from /opt/airflow/dags/crypto_dag.py
[2026-02-04T00:42:49.651+0000] {logging_mixin.py:149} INFO - [2026-02-04T00:42:49.651+0000] {dag.py:2726} INFO - Sync 1 DAGs
[2026-02-04T00:42:49.663+0000] {logging_mixin.py:149} INFO - [2026-02-04T00:42:49.663+0000] {dag.py:3490} INFO - Setting next_dagrun for crypto_volatility_pipeline to 2026-02-04T00:40:00+00:00, run_after=2026-02-04T00:45:00+00:00
[2026-02-04T00:42:49.670+0000] {processor.py:178} INFO - Processing /opt/airflow/dags/crypto_dag.py took 0.056 seconds
[2026-02-04T00:43:20.054+0000] {processor.py:156} INFO - Started process (PID=4627) to work on /opt/airflow/dags/crypto_dag.py
[2026-02-04T00:43:20.055+0000] {processor.py:799} INFO - Processing file /opt/airflow/dags/crypto_dag.py for tasks to queue
[2026-02-04T00:43:20.055+0000] {logging_mixin.py:149} INFO - [2026-02-04T00:43:20.055+0000] {dagbag.py:541} INFO - Filling up the DagBag from /opt/airflow/dags/crypto_dag.py
[2026-02-04T00:43:20.072+0000] {processor.py:809} INFO - DAG(s) dict_keys(['crypto_volatility_pipeline']) retrieved from /opt/airflow/dags/crypto_dag.py
[2026-02-04T00:43:20.096+0000] {logging_mixin.py:149} INFO - [2026-02-04T00:43:20.096+0000] {dag.py:2726} INFO - Sync 1 DAGs
[2026-02-04T00:43:20.110+0000] {logging_mixin.py:149} INFO - [2026-02-04T00:43:20.110+0000] {dag.py:3490} INFO - Setting next_dagrun for crypto_volatility_pipeline to 2026-02-04T00:40:00+00:00, run_after=2026-02-04T00:45:00+00:00
[2026-02-04T00:43:20.118+0000] {processor.py:178} INFO - Processing /opt/airflow/dags/crypto_dag.py took 0.070 seconds
[2026-02-04T00:43:50.457+0000] {processor.py:156} INFO - Started process (PID=4628) to work on /opt/airflow/dags/crypto_dag.py
[2026-02-04T00:43:50.457+0000] {processor.py:799} INFO - Processing file /opt/airflow/dags/crypto_dag.py for tasks to queue
[2026-02-04T00:43:50.458+0000] {logging_mixin.py:149} INFO - [2026-02-04T00:43:50.458+0000] {dagbag.py:541} INFO - Filling up the DagBag from /opt/airflow/dags/crypto_dag.py
[2026-02-04T00:43:50.466+0000] {processor.py:809} INFO - DAG(s) dict_keys(['crypto_volatility_pipeline']) retrieved from /opt/airflow/dags/crypto_dag.py
[2026-02-04T00:43:50.480+0000] {logging_mixin.py:149} INFO - [2026-02-04T00:43:50.480+0000] {dag.py:2726} INFO - Sync 1 DAGs
[2026-02-04T00:43:50.493+0000] {logging_mixin.py:149} INFO - [2026-02-04T00:43:50.493+0000] {dag.py:3490} INFO - Setting next_dagrun for crypto_volatility_pipeline to 2026-02-04T00:40:00+00:00, run_after=2026-02-04T00:45:00+00:00
[2026-02-04T00:43:50.501+0000] {processor.py:178} INFO - Processing /opt/airflow/dags/crypto_dag.py took 0.047 seconds
[2026-02-04T00:44:20.795+0000] {processor.py:156} INFO - Started process (PID=4629) to work on /opt/airflow/dags/crypto_dag.py
[2026-02-04T00:44:20.796+0000] {processor.py:799} INFO - Processing file /opt/airflow/dags/crypto_dag.py for tasks to queue
[2026-02-04T00:44:20.797+0000] {logging_mixin.py:149} INFO - [2026-02-04T00:44:20.797+0000] {dagbag.py:541} INFO - Filling up the DagBag from /opt/airflow/dags/crypto_dag.py
[2026-02-04T00:44:20.809+0000] {processor.py:809} INFO - DAG(s) dict_keys(['crypto_volatility_pipeline']) retrieved from /opt/airflow/dags/crypto_dag.py
[2026-02-04T00:44:20.828+0000] {logging_mixin.py:149} INFO - [2026-02-04T00:44:20.827+0000] {dag.py:2726} INFO - Sync 1 DAGs
[2026-02-04T00:44:20.841+0000] {logging_mixin.py:149} INFO - [2026-02-04T00:44:20.841+0000] {dag.py:3490} INFO - Setting next_dagrun for crypto_volatility_pipeline to 2026-02-04T00:40:00+00:00, run_after=2026-02-04T00:45:00+00:00
[2026-02-04T00:44:20.850+0000] {processor.py:178} INFO - Processing /opt/airflow/dags/crypto_dag.py took 0.059 seconds
[2026-02-04T00:44:51.108+0000] {processor.py:156} INFO - Started process (PID=4630) to work on /opt/airflow/dags/crypto_dag.py
[2026-02-04T00:44:51.109+0000] {processor.py:799} INFO - Processing file /opt/airflow/dags/crypto_dag.py for tasks to queue
[2026-02-04T00:44:51.109+0000] {logging_mixin.py:149} INFO - [2026-02-04T00:44:51.109+0000] {dagbag.py:541} INFO - Filling up the DagBag from /opt/airflow/dags/crypto_dag.py
[2026-02-04T00:44:51.121+0000] {processor.py:809} INFO - DAG(s) dict_keys(['crypto_volatility_pipeline']) retrieved from /opt/airflow/dags/crypto_dag.py
[2026-02-04T00:44:51.139+0000] {logging_mixin.py:149} INFO - [2026-02-04T00:44:51.139+0000] {dag.py:2726} INFO - Sync 1 DAGs
[2026-02-04T00:44:51.154+0000] {logging_mixin.py:149} INFO - [2026-02-04T00:44:51.154+0000] {dag.py:3490} INFO - Setting next_dagrun for crypto_volatility_pipeline to 2026-02-04T00:40:00+00:00, run_after=2026-02-04T00:45:00+00:00
[2026-02-04T00:44:51.162+0000] {processor.py:178} INFO - Processing /opt/airflow/dags/crypto_dag.py took 0.058 seconds
[2026-02-04T00:45:21.467+0000] {processor.py:156} INFO - Started process (PID=4651) to work on /opt/airflow/dags/crypto_dag.py
[2026-02-04T00:45:21.467+0000] {processor.py:799} INFO - Processing file /opt/airflow/dags/crypto_dag.py for tasks to queue
[2026-02-04T00:45:21.468+0000] {logging_mixin.py:149} INFO - [2026-02-04T00:45:21.468+0000] {dagbag.py:541} INFO - Filling up the DagBag from /opt/airflow/dags/crypto_dag.py
[2026-02-04T00:45:21.479+0000] {processor.py:809} INFO - DAG(s) dict_keys(['crypto_volatility_pipeline']) retrieved from /opt/airflow/dags/crypto_dag.py
[2026-02-04T00:45:21.497+0000] {logging_mixin.py:149} INFO - [2026-02-04T00:45:21.497+0000] {dag.py:2726} INFO - Sync 1 DAGs
[2026-02-04T00:45:21.510+0000] {logging_mixin.py:149} INFO - [2026-02-04T00:45:21.510+0000] {dag.py:3490} INFO - Setting next_dagrun for crypto_volatility_pipeline to 2026-02-04T00:45:00+00:00, run_after=2026-02-04T00:50:00+00:00
[2026-02-04T00:45:21.517+0000] {processor.py:178} INFO - Processing /opt/airflow/dags/crypto_dag.py took 0.053 seconds
[2026-02-04T00:45:51.845+0000] {processor.py:156} INFO - Started process (PID=4652) to work on /opt/airflow/dags/crypto_dag.py
[2026-02-04T00:45:51.846+0000] {processor.py:799} INFO - Processing file /opt/airflow/dags/crypto_dag.py for tasks to queue
[2026-02-04T00:45:51.846+0000] {logging_mixin.py:149} INFO - [2026-02-04T00:45:51.846+0000] {dagbag.py:541} INFO - Filling up the DagBag from /opt/airflow/dags/crypto_dag.py
[2026-02-04T00:45:51.857+0000] {processor.py:809} INFO - DAG(s) dict_keys(['crypto_volatility_pipeline']) retrieved from /opt/airflow/dags/crypto_dag.py
[2026-02-04T00:45:51.874+0000] {logging_mixin.py:149} INFO - [2026-02-04T00:45:51.874+0000] {dag.py:2726} INFO - Sync 1 DAGs
[2026-02-04T00:45:51.886+0000] {logging_mixin.py:149} INFO - [2026-02-04T00:45:51.886+0000] {dag.py:3490} INFO - Setting next_dagrun for crypto_volatility_pipeline to 2026-02-04T00:45:00+00:00, run_after=2026-02-04T00:50:00+00:00
[2026-02-04T00:45:51.893+0000] {processor.py:178} INFO - Processing /opt/airflow/dags/crypto_dag.py took 0.051 seconds
[2026-02-04T00:46:22.243+0000] {processor.py:156} INFO - Started process (PID=4653) to work on /opt/airflow/dags/crypto_dag.py
[2026-02-04T00:46:22.244+0000] {processor.py:799} INFO - Processing file /opt/airflow/dags/crypto_dag.py for tasks to queue
[2026-02-04T00:46:22.245+0000] {logging_mixin.py:149} INFO - [2026-02-04T00:46:22.244+0000] {dagbag.py:541} INFO - Filling up the DagBag from /opt/airflow/dags/crypto_dag.py
[2026-02-04T00:46:22.256+0000] {processor.py:809} INFO - DAG(s) dict_keys(['crypto_volatility_pipeline']) retrieved from /opt/airflow/dags/crypto_dag.py
[2026-02-04T00:46:22.273+0000] {logging_mixin.py:149} INFO - [2026-02-04T00:46:22.273+0000] {dag.py:2726} INFO - Sync 1 DAGs
[2026-02-04T00:46:22.286+0000] {logging_mixin.py:149} INFO - [2026-02-04T00:46:22.286+0000] {dag.py:3490} INFO - Setting next_dagrun for crypto_volatility_pipeline to 2026-02-04T00:45:00+00:00, run_after=2026-02-04T00:50:00+00:00
[2026-02-04T00:46:22.293+0000] {processor.py:178} INFO - Processing /opt/airflow/dags/crypto_dag.py took 0.053 seconds
[2026-02-04T00:46:52.561+0000] {processor.py:156} INFO - Started process (PID=4654) to work on /opt/airflow/dags/crypto_dag.py
[2026-02-04T00:46:52.561+0000] {processor.py:799} INFO - Processing file /opt/airflow/dags/crypto_dag.py for tasks to queue
[2026-02-04T00:46:52.562+0000] {logging_mixin.py:149} INFO - [2026-02-04T00:46:52.562+0000] {dagbag.py:541} INFO - Filling up the DagBag from /opt/airflow/dags/crypto_dag.py
[2026-02-04T00:46:52.573+0000] {processor.py:809} INFO - DAG(s) dict_keys(['crypto_volatility_pipeline']) retrieved from /opt/airflow/dags/crypto_dag.py
[2026-02-04T00:46:52.592+0000] {logging_mixin.py:149} INFO - [2026-02-04T00:46:52.592+0000] {dag.py:2726} INFO - Sync 1 DAGs
[2026-02-04T00:46:52.605+0000] {logging_mixin.py:149} INFO - [2026-02-04T00:46:52.605+0000] {dag.py:3490} INFO - Setting next_dagrun for crypto_volatility_pipeline to 2026-02-04T00:45:00+00:00, run_after=2026-02-04T00:50:00+00:00
[2026-02-04T00:46:52.611+0000] {processor.py:178} INFO - Processing /opt/airflow/dags/crypto_dag.py took 0.054 seconds
[2026-02-04T00:47:22.881+0000] {processor.py:156} INFO - Started process (PID=4655) to work on /opt/airflow/dags/crypto_dag.py
[2026-02-04T00:47:22.882+0000] {processor.py:799} INFO - Processing file /opt/airflow/dags/crypto_dag.py for tasks to queue
[2026-02-04T00:47:22.883+0000] {logging_mixin.py:149} INFO - [2026-02-04T00:47:22.883+0000] {dagbag.py:541} INFO - Filling up the DagBag from /opt/airflow/dags/crypto_dag.py
[2026-02-04T00:47:22.894+0000] {processor.py:809} INFO - DAG(s) dict_keys(['crypto_volatility_pipeline']) retrieved from /opt/airflow/dags/crypto_dag.py
[2026-02-04T00:47:22.909+0000] {logging_mixin.py:149} INFO - [2026-02-04T00:47:22.909+0000] {dag.py:2726} INFO - Sync 1 DAGs
[2026-02-04T00:47:22.923+0000] {logging_mixin.py:149} INFO - [2026-02-04T00:47:22.923+0000] {dag.py:3490} INFO - Setting next_dagrun for crypto_volatility_pipeline to 2026-02-04T00:45:00+00:00, run_after=2026-02-04T00:50:00+00:00
[2026-02-04T00:47:22.930+0000] {processor.py:178} INFO - Processing /opt/airflow/dags/crypto_dag.py took 0.053 seconds
[2026-02-04T00:47:53.218+0000] {processor.py:156} INFO - Started process (PID=4656) to work on /opt/airflow/dags/crypto_dag.py
[2026-02-04T00:47:53.219+0000] {processor.py:799} INFO - Processing file /opt/airflow/dags/crypto_dag.py for tasks to queue
[2026-02-04T00:47:53.220+0000] {logging_mixin.py:149} INFO - [2026-02-04T00:47:53.220+0000] {dagbag.py:541} INFO - Filling up the DagBag from /opt/airflow/dags/crypto_dag.py
[2026-02-04T00:47:53.231+0000] {processor.py:809} INFO - DAG(s) dict_keys(['crypto_volatility_pipeline']) retrieved from /opt/airflow/dags/crypto_dag.py
[2026-02-04T00:47:53.248+0000] {logging_mixin.py:149} INFO - [2026-02-04T00:47:53.248+0000] {dag.py:2726} INFO - Sync 1 DAGs
[2026-02-04T00:47:53.261+0000] {logging_mixin.py:149} INFO - [2026-02-04T00:47:53.261+0000] {dag.py:3490} INFO - Setting next_dagrun for crypto_volatility_pipeline to 2026-02-04T00:45:00+00:00, run_after=2026-02-04T00:50:00+00:00
[2026-02-04T00:47:53.267+0000] {processor.py:178} INFO - Processing /opt/airflow/dags/crypto_dag.py took 0.052 seconds
[2026-02-04T00:48:23.548+0000] {processor.py:156} INFO - Started process (PID=4657) to work on /opt/airflow/dags/crypto_dag.py
[2026-02-04T00:48:23.549+0000] {processor.py:799} INFO - Processing file /opt/airflow/dags/crypto_dag.py for tasks to queue
[2026-02-04T00:48:23.550+0000] {logging_mixin.py:149} INFO - [2026-02-04T00:48:23.549+0000] {dagbag.py:541} INFO - Filling up the DagBag from /opt/airflow/dags/crypto_dag.py
[2026-02-04T00:48:23.559+0000] {processor.py:809} INFO - DAG(s) dict_keys(['crypto_volatility_pipeline']) retrieved from /opt/airflow/dags/crypto_dag.py
[2026-02-04T00:48:23.576+0000] {logging_mixin.py:149} INFO - [2026-02-04T00:48:23.576+0000] {dag.py:2726} INFO - Sync 1 DAGs
[2026-02-04T00:48:23.588+0000] {logging_mixin.py:149} INFO - [2026-02-04T00:48:23.588+0000] {dag.py:3490} INFO - Setting next_dagrun for crypto_volatility_pipeline to 2026-02-04T00:45:00+00:00, run_after=2026-02-04T00:50:00+00:00
[2026-02-04T00:48:23.595+0000] {processor.py:178} INFO - Processing /opt/airflow/dags/crypto_dag.py took 0.050 seconds
[2026-02-04T00:48:53.838+0000] {processor.py:156} INFO - Started process (PID=4658) to work on /opt/airflow/dags/crypto_dag.py
[2026-02-04T00:48:53.838+0000] {processor.py:799} INFO - Processing file /opt/airflow/dags/crypto_dag.py for tasks to queue
[2026-02-04T00:48:53.839+0000] {logging_mixin.py:149} INFO - [2026-02-04T00:48:53.839+0000] {dagbag.py:541} INFO - Filling up the DagBag from /opt/airflow/dags/crypto_dag.py
[2026-02-04T00:48:53.848+0000] {processor.py:809} INFO - DAG(s) dict_keys(['crypto_volatility_pipeline']) retrieved from /opt/airflow/dags/crypto_dag.py
[2026-02-04T00:48:53.865+0000] {logging_mixin.py:149} INFO - [2026-02-04T00:48:53.865+0000] {dag.py:2726} INFO - Sync 1 DAGs
[2026-02-04T00:48:53.877+0000] {logging_mixin.py:149} INFO - [2026-02-04T00:48:53.877+0000] {dag.py:3490} INFO - Setting next_dagrun for crypto_volatility_pipeline to 2026-02-04T00:45:00+00:00, run_after=2026-02-04T00:50:00+00:00
[2026-02-04T00:48:53.883+0000] {processor.py:178} INFO - Processing /opt/airflow/dags/crypto_dag.py took 0.050 seconds
[2026-02-04T00:49:24.187+0000] {processor.py:156} INFO - Started process (PID=4659) to work on /opt/airflow/dags/crypto_dag.py
[2026-02-04T00:49:24.188+0000] {processor.py:799} INFO - Processing file /opt/airflow/dags/crypto_dag.py for tasks to queue
[2026-02-04T00:49:24.188+0000] {logging_mixin.py:149} INFO - [2026-02-04T00:49:24.188+0000] {dagbag.py:541} INFO - Filling up the DagBag from /opt/airflow/dags/crypto_dag.py
[2026-02-04T00:49:24.202+0000] {processor.py:809} INFO - DAG(s) dict_keys(['crypto_volatility_pipeline']) retrieved from /opt/airflow/dags/crypto_dag.py
[2026-02-04T00:49:24.221+0000] {logging_mixin.py:149} INFO - [2026-02-04T00:49:24.221+0000] {dag.py:2726} INFO - Sync 1 DAGs
[2026-02-04T00:49:24.235+0000] {logging_mixin.py:149} INFO - [2026-02-04T00:49:24.235+0000] {dag.py:3490} INFO - Setting next_dagrun for crypto_volatility_pipeline to 2026-02-04T00:45:00+00:00, run_after=2026-02-04T00:50:00+00:00
[2026-02-04T00:49:24.243+0000] {processor.py:178} INFO - Processing /opt/airflow/dags/crypto_dag.py took 0.060 seconds
[2026-02-04T00:49:54.592+0000] {processor.py:156} INFO - Started process (PID=4660) to work on /opt/airflow/dags/crypto_dag.py
[2026-02-04T00:49:54.593+0000] {processor.py:799} INFO - Processing file /opt/airflow/dags/crypto_dag.py for tasks to queue
[2026-02-04T00:49:54.593+0000] {logging_mixin.py:149} INFO - [2026-02-04T00:49:54.593+0000] {dagbag.py:541} INFO - Filling up the DagBag from /opt/airflow/dags/crypto_dag.py
[2026-02-04T00:49:54.605+0000] {processor.py:809} INFO - DAG(s) dict_keys(['crypto_volatility_pipeline']) retrieved from /opt/airflow/dags/crypto_dag.py
[2026-02-04T00:49:54.625+0000] {logging_mixin.py:149} INFO - [2026-02-04T00:49:54.625+0000] {dag.py:2726} INFO - Sync 1 DAGs
[2026-02-04T00:49:54.639+0000] {logging_mixin.py:149} INFO - [2026-02-04T00:49:54.639+0000] {dag.py:3490} INFO - Setting next_dagrun for crypto_volatility_pipeline to 2026-02-04T00:45:00+00:00, run_after=2026-02-04T00:50:00+00:00
[2026-02-04T00:49:54.646+0000] {processor.py:178} INFO - Processing /opt/airflow/dags/crypto_dag.py took 0.059 seconds
[2026-02-04T00:50:24.948+0000] {processor.py:156} INFO - Started process (PID=4681) to work on /opt/airflow/dags/crypto_dag.py
[2026-02-04T00:50:24.949+0000] {processor.py:799} INFO - Processing file /opt/airflow/dags/crypto_dag.py for tasks to queue
[2026-02-04T00:50:24.950+0000] {logging_mixin.py:149} INFO - [2026-02-04T00:50:24.950+0000] {dagbag.py:541} INFO - Filling up the DagBag from /opt/airflow/dags/crypto_dag.py
[2026-02-04T00:50:24.961+0000] {processor.py:809} INFO - DAG(s) dict_keys(['crypto_volatility_pipeline']) retrieved from /opt/airflow/dags/crypto_dag.py
[2026-02-04T00:50:24.980+0000] {logging_mixin.py:149} INFO - [2026-02-04T00:50:24.980+0000] {dag.py:2726} INFO - Sync 1 DAGs
[2026-02-04T00:50:24.994+0000] {logging_mixin.py:149} INFO - [2026-02-04T00:50:24.993+0000] {dag.py:3490} INFO - Setting next_dagrun for crypto_volatility_pipeline to 2026-02-04T00:50:00+00:00, run_after=2026-02-04T00:55:00+00:00
[2026-02-04T00:50:25.000+0000] {processor.py:178} INFO - Processing /opt/airflow/dags/crypto_dag.py took 0.056 seconds
[2026-02-04T00:50:55.332+0000] {processor.py:156} INFO - Started process (PID=4682) to work on /opt/airflow/dags/crypto_dag.py
[2026-02-04T00:50:55.333+0000] {processor.py:799} INFO - Processing file /opt/airflow/dags/crypto_dag.py for tasks to queue
[2026-02-04T00:50:55.334+0000] {logging_mixin.py:149} INFO - [2026-02-04T00:50:55.334+0000] {dagbag.py:541} INFO - Filling up the DagBag from /opt/airflow/dags/crypto_dag.py
[2026-02-04T00:50:55.343+0000] {processor.py:809} INFO - DAG(s) dict_keys(['crypto_volatility_pipeline']) retrieved from /opt/airflow/dags/crypto_dag.py
[2026-02-04T00:50:55.362+0000] {logging_mixin.py:149} INFO - [2026-02-04T00:50:55.362+0000] {dag.py:2726} INFO - Sync 1 DAGs
[2026-02-04T00:50:55.376+0000] {logging_mixin.py:149} INFO - [2026-02-04T00:50:55.375+0000] {dag.py:3490} INFO - Setting next_dagrun for crypto_volatility_pipeline to 2026-02-04T00:50:00+00:00, run_after=2026-02-04T00:55:00+00:00
[2026-02-04T00:50:55.382+0000] {processor.py:178} INFO - Processing /opt/airflow/dags/crypto_dag.py took 0.053 seconds
[2026-02-04T00:51:25.731+0000] {processor.py:156} INFO - Started process (PID=4683) to work on /opt/airflow/dags/crypto_dag.py
[2026-02-04T00:51:25.731+0000] {processor.py:799} INFO - Processing file /opt/airflow/dags/crypto_dag.py for tasks to queue
[2026-02-04T00:51:25.732+0000] {logging_mixin.py:149} INFO - [2026-02-04T00:51:25.732+0000] {dagbag.py:541} INFO - Filling up the DagBag from /opt/airflow/dags/crypto_dag.py
[2026-02-04T00:51:25.743+0000] {processor.py:809} INFO - DAG(s) dict_keys(['crypto_volatility_pipeline']) retrieved from /opt/airflow/dags/crypto_dag.py
[2026-02-04T00:51:25.762+0000] {logging_mixin.py:149} INFO - [2026-02-04T00:51:25.762+0000] {dag.py:2726} INFO - Sync 1 DAGs
[2026-02-04T00:51:25.776+0000] {logging_mixin.py:149} INFO - [2026-02-04T00:51:25.776+0000] {dag.py:3490} INFO - Setting next_dagrun for crypto_volatility_pipeline to 2026-02-04T00:50:00+00:00, run_after=2026-02-04T00:55:00+00:00
[2026-02-04T00:51:25.783+0000] {processor.py:178} INFO - Processing /opt/airflow/dags/crypto_dag.py took 0.056 seconds
[2026-02-04T00:51:56.078+0000] {processor.py:156} INFO - Started process (PID=4684) to work on /opt/airflow/dags/crypto_dag.py
[2026-02-04T00:51:56.079+0000] {processor.py:799} INFO - Processing file /opt/airflow/dags/crypto_dag.py for tasks to queue
[2026-02-04T00:51:56.081+0000] {logging_mixin.py:149} INFO - [2026-02-04T00:51:56.081+0000] {dagbag.py:541} INFO - Filling up the DagBag from /opt/airflow/dags/crypto_dag.py
[2026-02-04T00:51:56.099+0000] {processor.py:809} INFO - DAG(s) dict_keys(['crypto_volatility_pipeline']) retrieved from /opt/airflow/dags/crypto_dag.py
[2026-02-04T00:51:56.122+0000] {logging_mixin.py:149} INFO - [2026-02-04T00:51:56.122+0000] {dag.py:2726} INFO - Sync 1 DAGs
[2026-02-04T00:51:56.136+0000] {logging_mixin.py:149} INFO - [2026-02-04T00:51:56.136+0000] {dag.py:3490} INFO - Setting next_dagrun for crypto_volatility_pipeline to 2026-02-04T00:50:00+00:00, run_after=2026-02-04T00:55:00+00:00
[2026-02-04T00:51:56.143+0000] {processor.py:178} INFO - Processing /opt/airflow/dags/crypto_dag.py took 0.071 seconds
[2026-02-04T00:52:26.493+0000] {processor.py:156} INFO - Started process (PID=4685) to work on /opt/airflow/dags/crypto_dag.py
[2026-02-04T00:52:26.494+0000] {processor.py:799} INFO - Processing file /opt/airflow/dags/crypto_dag.py for tasks to queue
[2026-02-04T00:52:26.495+0000] {logging_mixin.py:149} INFO - [2026-02-04T00:52:26.495+0000] {dagbag.py:541} INFO - Filling up the DagBag from /opt/airflow/dags/crypto_dag.py
[2026-02-04T00:52:26.510+0000] {processor.py:809} INFO - DAG(s) dict_keys(['crypto_volatility_pipeline']) retrieved from /opt/airflow/dags/crypto_dag.py
[2026-02-04T00:52:26.533+0000] {logging_mixin.py:149} INFO - [2026-02-04T00:52:26.533+0000] {dag.py:2726} INFO - Sync 1 DAGs
[2026-02-04T00:52:26.547+0000] {logging_mixin.py:149} INFO - [2026-02-04T00:52:26.547+0000] {dag.py:3490} INFO - Setting next_dagrun for crypto_volatility_pipeline to 2026-02-04T00:50:00+00:00, run_after=2026-02-04T00:55:00+00:00
[2026-02-04T00:52:26.555+0000] {processor.py:178} INFO - Processing /opt/airflow/dags/crypto_dag.py took 0.067 seconds
[2026-02-04T00:52:56.896+0000] {processor.py:156} INFO - Started process (PID=4686) to work on /opt/airflow/dags/crypto_dag.py
[2026-02-04T00:52:56.896+0000] {processor.py:799} INFO - Processing file /opt/airflow/dags/crypto_dag.py for tasks to queue
[2026-02-04T00:52:56.896+0000] {logging_mixin.py:149} INFO - [2026-02-04T00:52:56.896+0000] {dagbag.py:541} INFO - Filling up the DagBag from /opt/airflow/dags/crypto_dag.py
[2026-02-04T00:52:56.902+0000] {processor.py:809} INFO - DAG(s) dict_keys(['crypto_volatility_pipeline']) retrieved from /opt/airflow/dags/crypto_dag.py
[2026-02-04T00:52:56.914+0000] {logging_mixin.py:149} INFO - [2026-02-04T00:52:56.914+0000] {dag.py:2726} INFO - Sync 1 DAGs
[2026-02-04T00:52:56.925+0000] {logging_mixin.py:149} INFO - [2026-02-04T00:52:56.925+0000] {dag.py:3490} INFO - Setting next_dagrun for crypto_volatility_pipeline to 2026-02-04T00:50:00+00:00, run_after=2026-02-04T00:55:00+00:00
[2026-02-04T00:52:56.932+0000] {processor.py:178} INFO - Processing /opt/airflow/dags/crypto_dag.py took 0.038 seconds
[2026-02-04T00:53:27.284+0000] {processor.py:156} INFO - Started process (PID=4687) to work on /opt/airflow/dags/crypto_dag.py
[2026-02-04T00:53:27.285+0000] {processor.py:799} INFO - Processing file /opt/airflow/dags/crypto_dag.py for tasks to queue
[2026-02-04T00:53:27.286+0000] {logging_mixin.py:149} INFO - [2026-02-04T00:53:27.285+0000] {dagbag.py:541} INFO - Filling up the DagBag from /opt/airflow/dags/crypto_dag.py
[2026-02-04T00:53:27.296+0000] {processor.py:809} INFO - DAG(s) dict_keys(['crypto_volatility_pipeline']) retrieved from /opt/airflow/dags/crypto_dag.py
[2026-02-04T00:53:27.313+0000] {logging_mixin.py:149} INFO - [2026-02-04T00:53:27.313+0000] {dag.py:2726} INFO - Sync 1 DAGs
[2026-02-04T00:53:27.326+0000] {logging_mixin.py:149} INFO - [2026-02-04T00:53:27.326+0000] {dag.py:3490} INFO - Setting next_dagrun for crypto_volatility_pipeline to 2026-02-04T00:50:00+00:00, run_after=2026-02-04T00:55:00+00:00
[2026-02-04T00:53:27.333+0000] {processor.py:178} INFO - Processing /opt/airflow/dags/crypto_dag.py took 0.053 seconds
[2026-02-04T00:53:57.682+0000] {processor.py:156} INFO - Started process (PID=4688) to work on /opt/airflow/dags/crypto_dag.py
[2026-02-04T00:53:57.683+0000] {processor.py:799} INFO - Processing file /opt/airflow/dags/crypto_dag.py for tasks to queue
[2026-02-04T00:53:57.684+0000] {logging_mixin.py:149} INFO - [2026-02-04T00:53:57.684+0000] {dagbag.py:541} INFO - Filling up the DagBag from /opt/airflow/dags/crypto_dag.py
[2026-02-04T00:53:57.694+0000] {processor.py:809} INFO - DAG(s) dict_keys(['crypto_volatility_pipeline']) retrieved from /opt/airflow/dags/crypto_dag.py
[2026-02-04T00:53:57.713+0000] {logging_mixin.py:149} INFO - [2026-02-04T00:53:57.713+0000] {dag.py:2726} INFO - Sync 1 DAGs
[2026-02-04T00:53:57.726+0000] {logging_mixin.py:149} INFO - [2026-02-04T00:53:57.726+0000] {dag.py:3490} INFO - Setting next_dagrun for crypto_volatility_pipeline to 2026-02-04T00:50:00+00:00, run_after=2026-02-04T00:55:00+00:00
[2026-02-04T00:53:57.732+0000] {processor.py:178} INFO - Processing /opt/airflow/dags/crypto_dag.py took 0.054 seconds
[2026-02-04T00:54:28.045+0000] {processor.py:156} INFO - Started process (PID=4689) to work on /opt/airflow/dags/crypto_dag.py
[2026-02-04T00:54:28.045+0000] {processor.py:799} INFO - Processing file /opt/airflow/dags/crypto_dag.py for tasks to queue
[2026-02-04T00:54:28.046+0000] {logging_mixin.py:149} INFO - [2026-02-04T00:54:28.046+0000] {dagbag.py:541} INFO - Filling up the DagBag from /opt/airflow/dags/crypto_dag.py
[2026-02-04T00:54:28.055+0000] {processor.py:809} INFO - DAG(s) dict_keys(['crypto_volatility_pipeline']) retrieved from /opt/airflow/dags/crypto_dag.py
[2026-02-04T00:54:28.071+0000] {logging_mixin.py:149} INFO - [2026-02-04T00:54:28.071+0000] {dag.py:2726} INFO - Sync 1 DAGs
[2026-02-04T00:54:28.083+0000] {logging_mixin.py:149} INFO - [2026-02-04T00:54:28.083+0000] {dag.py:3490} INFO - Setting next_dagrun for crypto_volatility_pipeline to 2026-02-04T00:50:00+00:00, run_after=2026-02-04T00:55:00+00:00
[2026-02-04T00:54:28.089+0000] {processor.py:178} INFO - Processing /opt/airflow/dags/crypto_dag.py took 0.049 seconds
[2026-02-04T00:54:58.378+0000] {processor.py:156} INFO - Started process (PID=4690) to work on /opt/airflow/dags/crypto_dag.py
[2026-02-04T00:54:58.379+0000] {processor.py:799} INFO - Processing file /opt/airflow/dags/crypto_dag.py for tasks to queue
[2026-02-04T00:54:58.380+0000] {logging_mixin.py:149} INFO - [2026-02-04T00:54:58.380+0000] {dagbag.py:541} INFO - Filling up the DagBag from /opt/airflow/dags/crypto_dag.py
[2026-02-04T00:54:58.389+0000] {processor.py:809} INFO - DAG(s) dict_keys(['crypto_volatility_pipeline']) retrieved from /opt/airflow/dags/crypto_dag.py
[2026-02-04T00:54:58.406+0000] {logging_mixin.py:149} INFO - [2026-02-04T00:54:58.406+0000] {dag.py:2726} INFO - Sync 1 DAGs
[2026-02-04T00:54:58.418+0000] {logging_mixin.py:149} INFO - [2026-02-04T00:54:58.418+0000] {dag.py:3490} INFO - Setting next_dagrun for crypto_volatility_pipeline to 2026-02-04T00:50:00+00:00, run_after=2026-02-04T00:55:00+00:00
[2026-02-04T00:54:58.425+0000] {processor.py:178} INFO - Processing /opt/airflow/dags/crypto_dag.py took 0.050 seconds
[2026-02-04T00:55:28.766+0000] {processor.py:156} INFO - Started process (PID=4711) to work on /opt/airflow/dags/crypto_dag.py
[2026-02-04T00:55:28.767+0000] {processor.py:799} INFO - Processing file /opt/airflow/dags/crypto_dag.py for tasks to queue
[2026-02-04T00:55:28.768+0000] {logging_mixin.py:149} INFO - [2026-02-04T00:55:28.767+0000] {dagbag.py:541} INFO - Filling up the DagBag from /opt/airflow/dags/crypto_dag.py
[2026-02-04T00:55:28.779+0000] {processor.py:809} INFO - DAG(s) dict_keys(['crypto_volatility_pipeline']) retrieved from /opt/airflow/dags/crypto_dag.py
[2026-02-04T00:55:28.799+0000] {logging_mixin.py:149} INFO - [2026-02-04T00:55:28.799+0000] {dag.py:2726} INFO - Sync 1 DAGs
[2026-02-04T00:55:28.812+0000] {logging_mixin.py:149} INFO - [2026-02-04T00:55:28.812+0000] {dag.py:3490} INFO - Setting next_dagrun for crypto_volatility_pipeline to 2026-02-04T00:55:00+00:00, run_after=2026-02-04T01:00:00+00:00
[2026-02-04T00:55:28.819+0000] {processor.py:178} INFO - Processing /opt/airflow/dags/crypto_dag.py took 0.057 seconds
[2026-02-04T00:55:59.085+0000] {processor.py:156} INFO - Started process (PID=4712) to work on /opt/airflow/dags/crypto_dag.py
[2026-02-04T00:55:59.086+0000] {processor.py:799} INFO - Processing file /opt/airflow/dags/crypto_dag.py for tasks to queue
[2026-02-04T00:55:59.086+0000] {logging_mixin.py:149} INFO - [2026-02-04T00:55:59.086+0000] {dagbag.py:541} INFO - Filling up the DagBag from /opt/airflow/dags/crypto_dag.py
[2026-02-04T00:55:59.095+0000] {processor.py:809} INFO - DAG(s) dict_keys(['crypto_volatility_pipeline']) retrieved from /opt/airflow/dags/crypto_dag.py
[2026-02-04T00:55:59.111+0000] {logging_mixin.py:149} INFO - [2026-02-04T00:55:59.111+0000] {dag.py:2726} INFO - Sync 1 DAGs
[2026-02-04T00:55:59.125+0000] {logging_mixin.py:149} INFO - [2026-02-04T00:55:59.125+0000] {dag.py:3490} INFO - Setting next_dagrun for crypto_volatility_pipeline to 2026-02-04T00:55:00+00:00, run_after=2026-02-04T01:00:00+00:00
[2026-02-04T00:55:59.132+0000] {processor.py:178} INFO - Processing /opt/airflow/dags/crypto_dag.py took 0.050 seconds
[2026-02-04T00:56:29.493+0000] {processor.py:156} INFO - Started process (PID=4713) to work on /opt/airflow/dags/crypto_dag.py
[2026-02-04T00:56:29.494+0000] {processor.py:799} INFO - Processing file /opt/airflow/dags/crypto_dag.py for tasks to queue
[2026-02-04T00:56:29.495+0000] {logging_mixin.py:149} INFO - [2026-02-04T00:56:29.495+0000] {dagbag.py:541} INFO - Filling up the DagBag from /opt/airflow/dags/crypto_dag.py
[2026-02-04T00:56:29.507+0000] {processor.py:809} INFO - DAG(s) dict_keys(['crypto_volatility_pipeline']) retrieved from /opt/airflow/dags/crypto_dag.py
[2026-02-04T00:56:29.525+0000] {logging_mixin.py:149} INFO - [2026-02-04T00:56:29.525+0000] {dag.py:2726} INFO - Sync 1 DAGs
[2026-02-04T00:56:29.538+0000] {logging_mixin.py:149} INFO - [2026-02-04T00:56:29.538+0000] {dag.py:3490} INFO - Setting next_dagrun for crypto_volatility_pipeline to 2026-02-04T00:55:00+00:00, run_after=2026-02-04T01:00:00+00:00
[2026-02-04T00:56:29.545+0000] {processor.py:178} INFO - Processing /opt/airflow/dags/crypto_dag.py took 0.056 seconds
[2026-02-04T00:56:59.900+0000] {processor.py:156} INFO - Started process (PID=4714) to work on /opt/airflow/dags/crypto_dag.py
[2026-02-04T00:56:59.902+0000] {processor.py:799} INFO - Processing file /opt/airflow/dags/crypto_dag.py for tasks to queue
[2026-02-04T00:56:59.903+0000] {logging_mixin.py:149} INFO - [2026-02-04T00:56:59.903+0000] {dagbag.py:541} INFO - Filling up the DagBag from /opt/airflow/dags/crypto_dag.py
[2026-02-04T00:56:59.944+0000] {processor.py:809} INFO - DAG(s) dict_keys(['crypto_volatility_pipeline']) retrieved from /opt/airflow/dags/crypto_dag.py
[2026-02-04T00:56:59.977+0000] {logging_mixin.py:149} INFO - [2026-02-04T00:56:59.977+0000] {dag.py:2726} INFO - Sync 1 DAGs
[2026-02-04T00:56:59.993+0000] {logging_mixin.py:149} INFO - [2026-02-04T00:56:59.993+0000] {dag.py:3490} INFO - Setting next_dagrun for crypto_volatility_pipeline to 2026-02-04T00:55:00+00:00, run_after=2026-02-04T01:00:00+00:00
[2026-02-04T00:57:00.002+0000] {processor.py:178} INFO - Processing /opt/airflow/dags/crypto_dag.py took 0.109 seconds
[2026-02-04T00:57:30.191+0000] {processor.py:156} INFO - Started process (PID=4715) to work on /opt/airflow/dags/crypto_dag.py
[2026-02-04T00:57:30.192+0000] {processor.py:799} INFO - Processing file /opt/airflow/dags/crypto_dag.py for tasks to queue
[2026-02-04T00:57:30.193+0000] {logging_mixin.py:149} INFO - [2026-02-04T00:57:30.193+0000] {dagbag.py:541} INFO - Filling up the DagBag from /opt/airflow/dags/crypto_dag.py
[2026-02-04T00:57:30.205+0000] {processor.py:809} INFO - DAG(s) dict_keys(['crypto_volatility_pipeline']) retrieved from /opt/airflow/dags/crypto_dag.py
[2026-02-04T00:57:30.227+0000] {logging_mixin.py:149} INFO - [2026-02-04T00:57:30.227+0000] {dag.py:2726} INFO - Sync 1 DAGs
[2026-02-04T00:57:30.241+0000] {logging_mixin.py:149} INFO - [2026-02-04T00:57:30.241+0000] {dag.py:3490} INFO - Setting next_dagrun for crypto_volatility_pipeline to 2026-02-04T00:55:00+00:00, run_after=2026-02-04T01:00:00+00:00
[2026-02-04T00:57:30.248+0000] {processor.py:178} INFO - Processing /opt/airflow/dags/crypto_dag.py took 0.065 seconds
[2026-02-04T00:58:00.548+0000] {processor.py:156} INFO - Started process (PID=4716) to work on /opt/airflow/dags/crypto_dag.py
[2026-02-04T00:58:00.549+0000] {processor.py:799} INFO - Processing file /opt/airflow/dags/crypto_dag.py for tasks to queue
[2026-02-04T00:58:00.551+0000] {logging_mixin.py:149} INFO - [2026-02-04T00:58:00.550+0000] {dagbag.py:541} INFO - Filling up the DagBag from /opt/airflow/dags/crypto_dag.py
[2026-02-04T00:58:00.564+0000] {processor.py:809} INFO - DAG(s) dict_keys(['crypto_volatility_pipeline']) retrieved from /opt/airflow/dags/crypto_dag.py
[2026-02-04T00:58:00.583+0000] {logging_mixin.py:149} INFO - [2026-02-04T00:58:00.583+0000] {dag.py:2726} INFO - Sync 1 DAGs
[2026-02-04T00:58:00.596+0000] {logging_mixin.py:149} INFO - [2026-02-04T00:58:00.596+0000] {dag.py:3490} INFO - Setting next_dagrun for crypto_volatility_pipeline to 2026-02-04T00:55:00+00:00, run_after=2026-02-04T01:00:00+00:00
[2026-02-04T00:58:00.602+0000] {processor.py:178} INFO - Processing /opt/airflow/dags/crypto_dag.py took 0.058 seconds
[2026-02-04T00:58:30.883+0000] {processor.py:156} INFO - Started process (PID=4717) to work on /opt/airflow/dags/crypto_dag.py
[2026-02-04T00:58:30.884+0000] {processor.py:799} INFO - Processing file /opt/airflow/dags/crypto_dag.py for tasks to queue
[2026-02-04T00:58:30.884+0000] {logging_mixin.py:149} INFO - [2026-02-04T00:58:30.884+0000] {dagbag.py:541} INFO - Filling up the DagBag from /opt/airflow/dags/crypto_dag.py
[2026-02-04T00:58:30.896+0000] {processor.py:809} INFO - DAG(s) dict_keys(['crypto_volatility_pipeline']) retrieved from /opt/airflow/dags/crypto_dag.py
[2026-02-04T00:58:30.916+0000] {logging_mixin.py:149} INFO - [2026-02-04T00:58:30.916+0000] {dag.py:2726} INFO - Sync 1 DAGs
[2026-02-04T00:58:30.930+0000] {logging_mixin.py:149} INFO - [2026-02-04T00:58:30.930+0000] {dag.py:3490} INFO - Setting next_dagrun for crypto_volatility_pipeline to 2026-02-04T00:55:00+00:00, run_after=2026-02-04T01:00:00+00:00
[2026-02-04T00:58:30.939+0000] {processor.py:178} INFO - Processing /opt/airflow/dags/crypto_dag.py took 0.062 seconds
[2026-02-04T00:59:01.184+0000] {processor.py:156} INFO - Started process (PID=4718) to work on /opt/airflow/dags/crypto_dag.py
[2026-02-04T00:59:01.185+0000] {processor.py:799} INFO - Processing file /opt/airflow/dags/crypto_dag.py for tasks to queue
[2026-02-04T00:59:01.186+0000] {logging_mixin.py:149} INFO - [2026-02-04T00:59:01.186+0000] {dagbag.py:541} INFO - Filling up the DagBag from /opt/airflow/dags/crypto_dag.py
[2026-02-04T00:59:01.198+0000] {processor.py:809} INFO - DAG(s) dict_keys(['crypto_volatility_pipeline']) retrieved from /opt/airflow/dags/crypto_dag.py
[2026-02-04T00:59:01.218+0000] {logging_mixin.py:149} INFO - [2026-02-04T00:59:01.218+0000] {dag.py:2726} INFO - Sync 1 DAGs
[2026-02-04T00:59:01.232+0000] {logging_mixin.py:149} INFO - [2026-02-04T00:59:01.232+0000] {dag.py:3490} INFO - Setting next_dagrun for crypto_volatility_pipeline to 2026-02-04T00:55:00+00:00, run_after=2026-02-04T01:00:00+00:00
[2026-02-04T00:59:01.239+0000] {processor.py:178} INFO - Processing /opt/airflow/dags/crypto_dag.py took 0.059 seconds
[2026-02-04T00:59:31.495+0000] {processor.py:156} INFO - Started process (PID=4719) to work on /opt/airflow/dags/crypto_dag.py
[2026-02-04T00:59:31.495+0000] {processor.py:799} INFO - Processing file /opt/airflow/dags/crypto_dag.py for tasks to queue
[2026-02-04T00:59:31.496+0000] {logging_mixin.py:149} INFO - [2026-02-04T00:59:31.496+0000] {dagbag.py:541} INFO - Filling up the DagBag from /opt/airflow/dags/crypto_dag.py
[2026-02-04T00:59:31.505+0000] {processor.py:809} INFO - DAG(s) dict_keys(['crypto_volatility_pipeline']) retrieved from /opt/airflow/dags/crypto_dag.py
[2026-02-04T00:59:31.523+0000] {logging_mixin.py:149} INFO - [2026-02-04T00:59:31.523+0000] {dag.py:2726} INFO - Sync 1 DAGs
[2026-02-04T00:59:31.536+0000] {logging_mixin.py:149} INFO - [2026-02-04T00:59:31.536+0000] {dag.py:3490} INFO - Setting next_dagrun for crypto_volatility_pipeline to 2026-02-04T00:55:00+00:00, run_after=2026-02-04T01:00:00+00:00
[2026-02-04T00:59:31.542+0000] {processor.py:178} INFO - Processing /opt/airflow/dags/crypto_dag.py took 0.051 seconds
[2026-02-04T01:00:01.798+0000] {processor.py:156} INFO - Started process (PID=4727) to work on /opt/airflow/dags/crypto_dag.py
[2026-02-04T01:00:01.799+0000] {processor.py:799} INFO - Processing file /opt/airflow/dags/crypto_dag.py for tasks to queue
[2026-02-04T01:00:01.800+0000] {logging_mixin.py:149} INFO - [2026-02-04T01:00:01.800+0000] {dagbag.py:541} INFO - Filling up the DagBag from /opt/airflow/dags/crypto_dag.py
[2026-02-04T01:00:01.807+0000] {processor.py:809} INFO - DAG(s) dict_keys(['crypto_volatility_pipeline']) retrieved from /opt/airflow/dags/crypto_dag.py
[2026-02-04T01:00:01.819+0000] {logging_mixin.py:149} INFO - [2026-02-04T01:00:01.819+0000] {dag.py:2726} INFO - Sync 1 DAGs
[2026-02-04T01:00:01.832+0000] {logging_mixin.py:149} INFO - [2026-02-04T01:00:01.832+0000] {dag.py:3490} INFO - Setting next_dagrun for crypto_volatility_pipeline to 2026-02-04T01:00:00+00:00, run_after=2026-02-04T01:05:00+00:00
[2026-02-04T01:00:01.839+0000] {processor.py:178} INFO - Processing /opt/airflow/dags/crypto_dag.py took 0.043 seconds
[2026-02-04T01:00:32.084+0000] {processor.py:156} INFO - Started process (PID=4741) to work on /opt/airflow/dags/crypto_dag.py
[2026-02-04T01:00:32.086+0000] {processor.py:799} INFO - Processing file /opt/airflow/dags/crypto_dag.py for tasks to queue
[2026-02-04T01:00:32.087+0000] {logging_mixin.py:149} INFO - [2026-02-04T01:00:32.086+0000] {dagbag.py:541} INFO - Filling up the DagBag from /opt/airflow/dags/crypto_dag.py
[2026-02-04T01:00:32.099+0000] {processor.py:809} INFO - DAG(s) dict_keys(['crypto_volatility_pipeline']) retrieved from /opt/airflow/dags/crypto_dag.py
[2026-02-04T01:00:32.119+0000] {logging_mixin.py:149} INFO - [2026-02-04T01:00:32.119+0000] {dag.py:2726} INFO - Sync 1 DAGs
[2026-02-04T01:00:32.133+0000] {logging_mixin.py:149} INFO - [2026-02-04T01:00:32.133+0000] {dag.py:3490} INFO - Setting next_dagrun for crypto_volatility_pipeline to 2026-02-04T01:00:00+00:00, run_after=2026-02-04T01:05:00+00:00
[2026-02-04T01:00:32.139+0000] {processor.py:178} INFO - Processing /opt/airflow/dags/crypto_dag.py took 0.059 seconds
[2026-02-04T01:01:02.378+0000] {processor.py:156} INFO - Started process (PID=4742) to work on /opt/airflow/dags/crypto_dag.py
[2026-02-04T01:01:02.379+0000] {processor.py:799} INFO - Processing file /opt/airflow/dags/crypto_dag.py for tasks to queue
[2026-02-04T01:01:02.380+0000] {logging_mixin.py:149} INFO - [2026-02-04T01:01:02.379+0000] {dagbag.py:541} INFO - Filling up the DagBag from /opt/airflow/dags/crypto_dag.py
[2026-02-04T01:01:02.395+0000] {processor.py:809} INFO - DAG(s) dict_keys(['crypto_volatility_pipeline']) retrieved from /opt/airflow/dags/crypto_dag.py
[2026-02-04T01:01:02.414+0000] {logging_mixin.py:149} INFO - [2026-02-04T01:01:02.413+0000] {dag.py:2726} INFO - Sync 1 DAGs
[2026-02-04T01:01:02.426+0000] {logging_mixin.py:149} INFO - [2026-02-04T01:01:02.426+0000] {dag.py:3490} INFO - Setting next_dagrun for crypto_volatility_pipeline to 2026-02-04T01:00:00+00:00, run_after=2026-02-04T01:05:00+00:00
[2026-02-04T01:01:02.433+0000] {processor.py:178} INFO - Processing /opt/airflow/dags/crypto_dag.py took 0.060 seconds
[2026-02-04T01:01:32.712+0000] {processor.py:156} INFO - Started process (PID=4743) to work on /opt/airflow/dags/crypto_dag.py
[2026-02-04T01:01:32.713+0000] {processor.py:799} INFO - Processing file /opt/airflow/dags/crypto_dag.py for tasks to queue
[2026-02-04T01:01:32.714+0000] {logging_mixin.py:149} INFO - [2026-02-04T01:01:32.714+0000] {dagbag.py:541} INFO - Filling up the DagBag from /opt/airflow/dags/crypto_dag.py
[2026-02-04T01:01:32.726+0000] {processor.py:809} INFO - DAG(s) dict_keys(['crypto_volatility_pipeline']) retrieved from /opt/airflow/dags/crypto_dag.py
[2026-02-04T01:01:32.746+0000] {logging_mixin.py:149} INFO - [2026-02-04T01:01:32.746+0000] {dag.py:2726} INFO - Sync 1 DAGs
[2026-02-04T01:01:32.759+0000] {logging_mixin.py:149} INFO - [2026-02-04T01:01:32.759+0000] {dag.py:3490} INFO - Setting next_dagrun for crypto_volatility_pipeline to 2026-02-04T01:00:00+00:00, run_after=2026-02-04T01:05:00+00:00
[2026-02-04T01:01:32.767+0000] {processor.py:178} INFO - Processing /opt/airflow/dags/crypto_dag.py took 0.060 seconds
[2026-02-04T01:02:03.045+0000] {processor.py:156} INFO - Started process (PID=4744) to work on /opt/airflow/dags/crypto_dag.py
[2026-02-04T01:02:03.046+0000] {processor.py:799} INFO - Processing file /opt/airflow/dags/crypto_dag.py for tasks to queue
[2026-02-04T01:02:03.047+0000] {logging_mixin.py:149} INFO - [2026-02-04T01:02:03.047+0000] {dagbag.py:541} INFO - Filling up the DagBag from /opt/airflow/dags/crypto_dag.py
[2026-02-04T01:02:03.058+0000] {processor.py:809} INFO - DAG(s) dict_keys(['crypto_volatility_pipeline']) retrieved from /opt/airflow/dags/crypto_dag.py
[2026-02-04T01:02:03.076+0000] {logging_mixin.py:149} INFO - [2026-02-04T01:02:03.076+0000] {dag.py:2726} INFO - Sync 1 DAGs
[2026-02-04T01:02:03.089+0000] {logging_mixin.py:149} INFO - [2026-02-04T01:02:03.089+0000] {dag.py:3490} INFO - Setting next_dagrun for crypto_volatility_pipeline to 2026-02-04T01:00:00+00:00, run_after=2026-02-04T01:05:00+00:00
[2026-02-04T01:02:03.095+0000] {processor.py:178} INFO - Processing /opt/airflow/dags/crypto_dag.py took 0.053 seconds
[2026-02-04T01:02:33.354+0000] {processor.py:156} INFO - Started process (PID=4745) to work on /opt/airflow/dags/crypto_dag.py
[2026-02-04T01:02:33.355+0000] {processor.py:799} INFO - Processing file /opt/airflow/dags/crypto_dag.py for tasks to queue
[2026-02-04T01:02:33.356+0000] {logging_mixin.py:149} INFO - [2026-02-04T01:02:33.356+0000] {dagbag.py:541} INFO - Filling up the DagBag from /opt/airflow/dags/crypto_dag.py
[2026-02-04T01:02:33.368+0000] {processor.py:809} INFO - DAG(s) dict_keys(['crypto_volatility_pipeline']) retrieved from /opt/airflow/dags/crypto_dag.py
[2026-02-04T01:02:33.392+0000] {logging_mixin.py:149} INFO - [2026-02-04T01:02:33.392+0000] {dag.py:2726} INFO - Sync 1 DAGs
[2026-02-04T01:02:33.406+0000] {logging_mixin.py:149} INFO - [2026-02-04T01:02:33.406+0000] {dag.py:3490} INFO - Setting next_dagrun for crypto_volatility_pipeline to 2026-02-04T01:00:00+00:00, run_after=2026-02-04T01:05:00+00:00
[2026-02-04T01:02:33.413+0000] {processor.py:178} INFO - Processing /opt/airflow/dags/crypto_dag.py took 0.063 seconds
[2026-02-04T01:03:03.745+0000] {processor.py:156} INFO - Started process (PID=4746) to work on /opt/airflow/dags/crypto_dag.py
[2026-02-04T01:03:03.746+0000] {processor.py:799} INFO - Processing file /opt/airflow/dags/crypto_dag.py for tasks to queue
[2026-02-04T01:03:03.747+0000] {logging_mixin.py:149} INFO - [2026-02-04T01:03:03.747+0000] {dagbag.py:541} INFO - Filling up the DagBag from /opt/airflow/dags/crypto_dag.py
[2026-02-04T01:03:03.758+0000] {processor.py:809} INFO - DAG(s) dict_keys(['crypto_volatility_pipeline']) retrieved from /opt/airflow/dags/crypto_dag.py
[2026-02-04T01:03:03.778+0000] {logging_mixin.py:149} INFO - [2026-02-04T01:03:03.778+0000] {dag.py:2726} INFO - Sync 1 DAGs
[2026-02-04T01:03:03.791+0000] {logging_mixin.py:149} INFO - [2026-02-04T01:03:03.791+0000] {dag.py:3490} INFO - Setting next_dagrun for crypto_volatility_pipeline to 2026-02-04T01:00:00+00:00, run_after=2026-02-04T01:05:00+00:00
[2026-02-04T01:03:03.797+0000] {processor.py:178} INFO - Processing /opt/airflow/dags/crypto_dag.py took 0.057 seconds
[2026-02-04T01:03:34.128+0000] {processor.py:156} INFO - Started process (PID=4747) to work on /opt/airflow/dags/crypto_dag.py
[2026-02-04T01:03:34.129+0000] {processor.py:799} INFO - Processing file /opt/airflow/dags/crypto_dag.py for tasks to queue
[2026-02-04T01:03:34.130+0000] {logging_mixin.py:149} INFO - [2026-02-04T01:03:34.130+0000] {dagbag.py:541} INFO - Filling up the DagBag from /opt/airflow/dags/crypto_dag.py
[2026-02-04T01:03:34.142+0000] {processor.py:809} INFO - DAG(s) dict_keys(['crypto_volatility_pipeline']) retrieved from /opt/airflow/dags/crypto_dag.py
[2026-02-04T01:03:34.162+0000] {logging_mixin.py:149} INFO - [2026-02-04T01:03:34.162+0000] {dag.py:2726} INFO - Sync 1 DAGs
[2026-02-04T01:03:34.176+0000] {logging_mixin.py:149} INFO - [2026-02-04T01:03:34.176+0000] {dag.py:3490} INFO - Setting next_dagrun for crypto_volatility_pipeline to 2026-02-04T01:00:00+00:00, run_after=2026-02-04T01:05:00+00:00
[2026-02-04T01:03:34.184+0000] {processor.py:178} INFO - Processing /opt/airflow/dags/crypto_dag.py took 0.060 seconds
[2026-02-04T01:04:04.434+0000] {processor.py:156} INFO - Started process (PID=4748) to work on /opt/airflow/dags/crypto_dag.py
[2026-02-04T01:04:04.434+0000] {processor.py:799} INFO - Processing file /opt/airflow/dags/crypto_dag.py for tasks to queue
[2026-02-04T01:04:04.435+0000] {logging_mixin.py:149} INFO - [2026-02-04T01:04:04.435+0000] {dagbag.py:541} INFO - Filling up the DagBag from /opt/airflow/dags/crypto_dag.py
[2026-02-04T01:04:04.445+0000] {processor.py:809} INFO - DAG(s) dict_keys(['crypto_volatility_pipeline']) retrieved from /opt/airflow/dags/crypto_dag.py
[2026-02-04T01:04:04.464+0000] {logging_mixin.py:149} INFO - [2026-02-04T01:04:04.464+0000] {dag.py:2726} INFO - Sync 1 DAGs
[2026-02-04T01:04:04.478+0000] {logging_mixin.py:149} INFO - [2026-02-04T01:04:04.477+0000] {dag.py:3490} INFO - Setting next_dagrun for crypto_volatility_pipeline to 2026-02-04T01:00:00+00:00, run_after=2026-02-04T01:05:00+00:00
[2026-02-04T01:04:04.484+0000] {processor.py:178} INFO - Processing /opt/airflow/dags/crypto_dag.py took 0.054 seconds
[2026-02-04T01:04:34.951+0000] {processor.py:156} INFO - Started process (PID=4749) to work on /opt/airflow/dags/crypto_dag.py
[2026-02-04T01:04:34.953+0000] {processor.py:799} INFO - Processing file /opt/airflow/dags/crypto_dag.py for tasks to queue
[2026-02-04T01:04:34.954+0000] {logging_mixin.py:149} INFO - [2026-02-04T01:04:34.953+0000] {dagbag.py:541} INFO - Filling up the DagBag from /opt/airflow/dags/crypto_dag.py
[2026-02-04T01:04:34.971+0000] {processor.py:809} INFO - DAG(s) dict_keys(['crypto_volatility_pipeline']) retrieved from /opt/airflow/dags/crypto_dag.py
[2026-02-04T01:04:34.997+0000] {logging_mixin.py:149} INFO - [2026-02-04T01:04:34.997+0000] {dag.py:2726} INFO - Sync 1 DAGs
[2026-02-04T01:04:35.013+0000] {logging_mixin.py:149} INFO - [2026-02-04T01:04:35.013+0000] {dag.py:3490} INFO - Setting next_dagrun for crypto_volatility_pipeline to 2026-02-04T01:00:00+00:00, run_after=2026-02-04T01:05:00+00:00
[2026-02-04T01:04:35.022+0000] {processor.py:178} INFO - Processing /opt/airflow/dags/crypto_dag.py took 0.076 seconds
[2026-02-04T01:05:05.275+0000] {processor.py:156} INFO - Started process (PID=4770) to work on /opt/airflow/dags/crypto_dag.py
[2026-02-04T01:05:05.276+0000] {processor.py:799} INFO - Processing file /opt/airflow/dags/crypto_dag.py for tasks to queue
[2026-02-04T01:05:05.277+0000] {logging_mixin.py:149} INFO - [2026-02-04T01:05:05.277+0000] {dagbag.py:541} INFO - Filling up the DagBag from /opt/airflow/dags/crypto_dag.py
[2026-02-04T01:05:05.284+0000] {processor.py:809} INFO - DAG(s) dict_keys(['crypto_volatility_pipeline']) retrieved from /opt/airflow/dags/crypto_dag.py
[2026-02-04T01:05:05.302+0000] {logging_mixin.py:149} INFO - [2026-02-04T01:05:05.302+0000] {dag.py:2726} INFO - Sync 1 DAGs
[2026-02-04T01:05:05.318+0000] {logging_mixin.py:149} INFO - [2026-02-04T01:05:05.317+0000] {dag.py:3490} INFO - Setting next_dagrun for crypto_volatility_pipeline to 2026-02-04T01:05:00+00:00, run_after=2026-02-04T01:10:00+00:00
[2026-02-04T01:05:05.325+0000] {processor.py:178} INFO - Processing /opt/airflow/dags/crypto_dag.py took 0.052 seconds
[2026-02-04T01:05:35.648+0000] {processor.py:156} INFO - Started process (PID=4771) to work on /opt/airflow/dags/crypto_dag.py
[2026-02-04T01:05:35.649+0000] {processor.py:799} INFO - Processing file /opt/airflow/dags/crypto_dag.py for tasks to queue
[2026-02-04T01:05:35.651+0000] {logging_mixin.py:149} INFO - [2026-02-04T01:05:35.651+0000] {dagbag.py:541} INFO - Filling up the DagBag from /opt/airflow/dags/crypto_dag.py
[2026-02-04T01:05:35.664+0000] {processor.py:809} INFO - DAG(s) dict_keys(['crypto_volatility_pipeline']) retrieved from /opt/airflow/dags/crypto_dag.py
[2026-02-04T01:05:35.684+0000] {logging_mixin.py:149} INFO - [2026-02-04T01:05:35.684+0000] {dag.py:2726} INFO - Sync 1 DAGs
[2026-02-04T01:05:35.698+0000] {logging_mixin.py:149} INFO - [2026-02-04T01:05:35.698+0000] {dag.py:3490} INFO - Setting next_dagrun for crypto_volatility_pipeline to 2026-02-04T01:05:00+00:00, run_after=2026-02-04T01:10:00+00:00
[2026-02-04T01:05:35.704+0000] {processor.py:178} INFO - Processing /opt/airflow/dags/crypto_dag.py took 0.061 seconds
[2026-02-04T01:06:06.069+0000] {processor.py:156} INFO - Started process (PID=4772) to work on /opt/airflow/dags/crypto_dag.py
[2026-02-04T01:06:06.070+0000] {processor.py:799} INFO - Processing file /opt/airflow/dags/crypto_dag.py for tasks to queue
[2026-02-04T01:06:06.071+0000] {logging_mixin.py:149} INFO - [2026-02-04T01:06:06.071+0000] {dagbag.py:541} INFO - Filling up the DagBag from /opt/airflow/dags/crypto_dag.py
[2026-02-04T01:06:06.089+0000] {processor.py:809} INFO - DAG(s) dict_keys(['crypto_volatility_pipeline']) retrieved from /opt/airflow/dags/crypto_dag.py
[2026-02-04T01:06:06.117+0000] {logging_mixin.py:149} INFO - [2026-02-04T01:06:06.117+0000] {dag.py:2726} INFO - Sync 1 DAGs
[2026-02-04T01:06:06.132+0000] {logging_mixin.py:149} INFO - [2026-02-04T01:06:06.132+0000] {dag.py:3490} INFO - Setting next_dagrun for crypto_volatility_pipeline to 2026-02-04T01:05:00+00:00, run_after=2026-02-04T01:10:00+00:00
[2026-02-04T01:06:06.140+0000] {processor.py:178} INFO - Processing /opt/airflow/dags/crypto_dag.py took 0.077 seconds
[2026-02-04T01:06:36.426+0000] {processor.py:156} INFO - Started process (PID=4773) to work on /opt/airflow/dags/crypto_dag.py
[2026-02-04T01:06:36.427+0000] {processor.py:799} INFO - Processing file /opt/airflow/dags/crypto_dag.py for tasks to queue
[2026-02-04T01:06:36.427+0000] {logging_mixin.py:149} INFO - [2026-02-04T01:06:36.427+0000] {dagbag.py:541} INFO - Filling up the DagBag from /opt/airflow/dags/crypto_dag.py
[2026-02-04T01:06:36.441+0000] {processor.py:809} INFO - DAG(s) dict_keys(['crypto_volatility_pipeline']) retrieved from /opt/airflow/dags/crypto_dag.py
[2026-02-04T01:06:36.462+0000] {logging_mixin.py:149} INFO - [2026-02-04T01:06:36.462+0000] {dag.py:2726} INFO - Sync 1 DAGs
[2026-02-04T01:06:36.476+0000] {logging_mixin.py:149} INFO - [2026-02-04T01:06:36.476+0000] {dag.py:3490} INFO - Setting next_dagrun for crypto_volatility_pipeline to 2026-02-04T01:05:00+00:00, run_after=2026-02-04T01:10:00+00:00
[2026-02-04T01:06:36.483+0000] {processor.py:178} INFO - Processing /opt/airflow/dags/crypto_dag.py took 0.065 seconds
[2026-02-04T01:07:06.807+0000] {processor.py:156} INFO - Started process (PID=4774) to work on /opt/airflow/dags/crypto_dag.py
[2026-02-04T01:07:06.808+0000] {processor.py:799} INFO - Processing file /opt/airflow/dags/crypto_dag.py for tasks to queue
[2026-02-04T01:07:06.809+0000] {logging_mixin.py:149} INFO - [2026-02-04T01:07:06.809+0000] {dagbag.py:541} INFO - Filling up the DagBag from /opt/airflow/dags/crypto_dag.py
[2026-02-04T01:07:06.823+0000] {processor.py:809} INFO - DAG(s) dict_keys(['crypto_volatility_pipeline']) retrieved from /opt/airflow/dags/crypto_dag.py
[2026-02-04T01:07:06.841+0000] {logging_mixin.py:149} INFO - [2026-02-04T01:07:06.841+0000] {dag.py:2726} INFO - Sync 1 DAGs
[2026-02-04T01:07:06.854+0000] {logging_mixin.py:149} INFO - [2026-02-04T01:07:06.854+0000] {dag.py:3490} INFO - Setting next_dagrun for crypto_volatility_pipeline to 2026-02-04T01:05:00+00:00, run_after=2026-02-04T01:10:00+00:00
[2026-02-04T01:07:06.860+0000] {processor.py:178} INFO - Processing /opt/airflow/dags/crypto_dag.py took 0.058 seconds
[2026-02-04T01:07:37.163+0000] {processor.py:156} INFO - Started process (PID=4775) to work on /opt/airflow/dags/crypto_dag.py
[2026-02-04T01:07:37.165+0000] {processor.py:799} INFO - Processing file /opt/airflow/dags/crypto_dag.py for tasks to queue
[2026-02-04T01:07:37.166+0000] {logging_mixin.py:149} INFO - [2026-02-04T01:07:37.166+0000] {dagbag.py:541} INFO - Filling up the DagBag from /opt/airflow/dags/crypto_dag.py
[2026-02-04T01:07:37.188+0000] {processor.py:809} INFO - DAG(s) dict_keys(['crypto_volatility_pipeline']) retrieved from /opt/airflow/dags/crypto_dag.py
[2026-02-04T01:07:37.211+0000] {logging_mixin.py:149} INFO - [2026-02-04T01:07:37.211+0000] {dag.py:2726} INFO - Sync 1 DAGs
[2026-02-04T01:07:37.226+0000] {logging_mixin.py:149} INFO - [2026-02-04T01:07:37.226+0000] {dag.py:3490} INFO - Setting next_dagrun for crypto_volatility_pipeline to 2026-02-04T01:05:00+00:00, run_after=2026-02-04T01:10:00+00:00
[2026-02-04T01:07:37.254+0000] {processor.py:178} INFO - Processing /opt/airflow/dags/crypto_dag.py took 0.098 seconds
[2026-02-04T01:08:07.439+0000] {processor.py:156} INFO - Started process (PID=4776) to work on /opt/airflow/dags/crypto_dag.py
[2026-02-04T01:08:07.439+0000] {processor.py:799} INFO - Processing file /opt/airflow/dags/crypto_dag.py for tasks to queue
[2026-02-04T01:08:07.440+0000] {logging_mixin.py:149} INFO - [2026-02-04T01:08:07.440+0000] {dagbag.py:541} INFO - Filling up the DagBag from /opt/airflow/dags/crypto_dag.py
[2026-02-04T01:08:07.447+0000] {processor.py:809} INFO - DAG(s) dict_keys(['crypto_volatility_pipeline']) retrieved from /opt/airflow/dags/crypto_dag.py
[2026-02-04T01:08:07.460+0000] {logging_mixin.py:149} INFO - [2026-02-04T01:08:07.460+0000] {dag.py:2726} INFO - Sync 1 DAGs
[2026-02-04T01:08:07.473+0000] {logging_mixin.py:149} INFO - [2026-02-04T01:08:07.473+0000] {dag.py:3490} INFO - Setting next_dagrun for crypto_volatility_pipeline to 2026-02-04T01:05:00+00:00, run_after=2026-02-04T01:10:00+00:00
[2026-02-04T01:08:07.480+0000] {processor.py:178} INFO - Processing /opt/airflow/dags/crypto_dag.py took 0.043 seconds
[2026-02-04T01:08:37.748+0000] {processor.py:156} INFO - Started process (PID=4777) to work on /opt/airflow/dags/crypto_dag.py
[2026-02-04T01:08:37.749+0000] {processor.py:799} INFO - Processing file /opt/airflow/dags/crypto_dag.py for tasks to queue
[2026-02-04T01:08:37.750+0000] {logging_mixin.py:149} INFO - [2026-02-04T01:08:37.750+0000] {dagbag.py:541} INFO - Filling up the DagBag from /opt/airflow/dags/crypto_dag.py
[2026-02-04T01:08:37.761+0000] {processor.py:809} INFO - DAG(s) dict_keys(['crypto_volatility_pipeline']) retrieved from /opt/airflow/dags/crypto_dag.py
[2026-02-04T01:08:37.781+0000] {logging_mixin.py:149} INFO - [2026-02-04T01:08:37.780+0000] {dag.py:2726} INFO - Sync 1 DAGs
[2026-02-04T01:08:37.796+0000] {logging_mixin.py:149} INFO - [2026-02-04T01:08:37.796+0000] {dag.py:3490} INFO - Setting next_dagrun for crypto_volatility_pipeline to 2026-02-04T01:05:00+00:00, run_after=2026-02-04T01:10:00+00:00
[2026-02-04T01:08:37.804+0000] {processor.py:178} INFO - Processing /opt/airflow/dags/crypto_dag.py took 0.061 seconds
[2026-02-04T01:09:08.061+0000] {processor.py:156} INFO - Started process (PID=4778) to work on /opt/airflow/dags/crypto_dag.py
[2026-02-04T01:09:08.062+0000] {processor.py:799} INFO - Processing file /opt/airflow/dags/crypto_dag.py for tasks to queue
[2026-02-04T01:09:08.063+0000] {logging_mixin.py:149} INFO - [2026-02-04T01:09:08.062+0000] {dagbag.py:541} INFO - Filling up the DagBag from /opt/airflow/dags/crypto_dag.py
[2026-02-04T01:09:08.074+0000] {processor.py:809} INFO - DAG(s) dict_keys(['crypto_volatility_pipeline']) retrieved from /opt/airflow/dags/crypto_dag.py
[2026-02-04T01:09:08.091+0000] {logging_mixin.py:149} INFO - [2026-02-04T01:09:08.091+0000] {dag.py:2726} INFO - Sync 1 DAGs
[2026-02-04T01:09:08.104+0000] {logging_mixin.py:149} INFO - [2026-02-04T01:09:08.104+0000] {dag.py:3490} INFO - Setting next_dagrun for crypto_volatility_pipeline to 2026-02-04T01:05:00+00:00, run_after=2026-02-04T01:10:00+00:00
[2026-02-04T01:09:08.112+0000] {processor.py:178} INFO - Processing /opt/airflow/dags/crypto_dag.py took 0.056 seconds
[2026-02-04T01:09:38.355+0000] {processor.py:156} INFO - Started process (PID=4779) to work on /opt/airflow/dags/crypto_dag.py
[2026-02-04T01:09:38.357+0000] {processor.py:799} INFO - Processing file /opt/airflow/dags/crypto_dag.py for tasks to queue
[2026-02-04T01:09:38.358+0000] {logging_mixin.py:149} INFO - [2026-02-04T01:09:38.358+0000] {dagbag.py:541} INFO - Filling up the DagBag from /opt/airflow/dags/crypto_dag.py
[2026-02-04T01:09:38.371+0000] {processor.py:809} INFO - DAG(s) dict_keys(['crypto_volatility_pipeline']) retrieved from /opt/airflow/dags/crypto_dag.py
[2026-02-04T01:09:38.388+0000] {logging_mixin.py:149} INFO - [2026-02-04T01:09:38.388+0000] {dag.py:2726} INFO - Sync 1 DAGs
[2026-02-04T01:09:38.402+0000] {logging_mixin.py:149} INFO - [2026-02-04T01:09:38.402+0000] {dag.py:3490} INFO - Setting next_dagrun for crypto_volatility_pipeline to 2026-02-04T01:05:00+00:00, run_after=2026-02-04T01:10:00+00:00
[2026-02-04T01:09:38.410+0000] {processor.py:178} INFO - Processing /opt/airflow/dags/crypto_dag.py took 0.059 seconds
[2026-02-04T01:10:08.620+0000] {processor.py:156} INFO - Started process (PID=4800) to work on /opt/airflow/dags/crypto_dag.py
[2026-02-04T01:10:08.620+0000] {processor.py:799} INFO - Processing file /opt/airflow/dags/crypto_dag.py for tasks to queue
[2026-02-04T01:10:08.621+0000] {logging_mixin.py:149} INFO - [2026-02-04T01:10:08.620+0000] {dagbag.py:541} INFO - Filling up the DagBag from /opt/airflow/dags/crypto_dag.py
[2026-02-04T01:10:08.627+0000] {processor.py:809} INFO - DAG(s) dict_keys(['crypto_volatility_pipeline']) retrieved from /opt/airflow/dags/crypto_dag.py
[2026-02-04T01:10:08.640+0000] {logging_mixin.py:149} INFO - [2026-02-04T01:10:08.640+0000] {dag.py:2726} INFO - Sync 1 DAGs
[2026-02-04T01:10:08.652+0000] {logging_mixin.py:149} INFO - [2026-02-04T01:10:08.652+0000] {dag.py:3490} INFO - Setting next_dagrun for crypto_volatility_pipeline to 2026-02-04T01:10:00+00:00, run_after=2026-02-04T01:15:00+00:00
[2026-02-04T01:10:08.659+0000] {processor.py:178} INFO - Processing /opt/airflow/dags/crypto_dag.py took 0.041 seconds
[2026-02-04T01:10:38.946+0000] {processor.py:156} INFO - Started process (PID=4801) to work on /opt/airflow/dags/crypto_dag.py
[2026-02-04T01:10:38.947+0000] {processor.py:799} INFO - Processing file /opt/airflow/dags/crypto_dag.py for tasks to queue
[2026-02-04T01:10:38.948+0000] {logging_mixin.py:149} INFO - [2026-02-04T01:10:38.948+0000] {dagbag.py:541} INFO - Filling up the DagBag from /opt/airflow/dags/crypto_dag.py
[2026-02-04T01:10:38.959+0000] {processor.py:809} INFO - DAG(s) dict_keys(['crypto_volatility_pipeline']) retrieved from /opt/airflow/dags/crypto_dag.py
[2026-02-04T01:10:38.976+0000] {logging_mixin.py:149} INFO - [2026-02-04T01:10:38.976+0000] {dag.py:2726} INFO - Sync 1 DAGs
[2026-02-04T01:10:38.990+0000] {logging_mixin.py:149} INFO - [2026-02-04T01:10:38.990+0000] {dag.py:3490} INFO - Setting next_dagrun for crypto_volatility_pipeline to 2026-02-04T01:10:00+00:00, run_after=2026-02-04T01:15:00+00:00
[2026-02-04T01:10:38.998+0000] {processor.py:178} INFO - Processing /opt/airflow/dags/crypto_dag.py took 0.055 seconds
[2026-02-04T01:11:09.265+0000] {processor.py:156} INFO - Started process (PID=4802) to work on /opt/airflow/dags/crypto_dag.py
[2026-02-04T01:11:09.266+0000] {processor.py:799} INFO - Processing file /opt/airflow/dags/crypto_dag.py for tasks to queue
[2026-02-04T01:11:09.266+0000] {logging_mixin.py:149} INFO - [2026-02-04T01:11:09.266+0000] {dagbag.py:541} INFO - Filling up the DagBag from /opt/airflow/dags/crypto_dag.py
[2026-02-04T01:11:09.285+0000] {processor.py:809} INFO - DAG(s) dict_keys(['crypto_volatility_pipeline']) retrieved from /opt/airflow/dags/crypto_dag.py
[2026-02-04T01:11:09.306+0000] {logging_mixin.py:149} INFO - [2026-02-04T01:11:09.306+0000] {dag.py:2726} INFO - Sync 1 DAGs
[2026-02-04T01:11:09.322+0000] {logging_mixin.py:149} INFO - [2026-02-04T01:11:09.322+0000] {dag.py:3490} INFO - Setting next_dagrun for crypto_volatility_pipeline to 2026-02-04T01:10:00+00:00, run_after=2026-02-04T01:15:00+00:00
[2026-02-04T01:11:09.330+0000] {processor.py:178} INFO - Processing /opt/airflow/dags/crypto_dag.py took 0.072 seconds
[2026-02-04T01:11:39.512+0000] {processor.py:156} INFO - Started process (PID=4803) to work on /opt/airflow/dags/crypto_dag.py
[2026-02-04T01:11:39.513+0000] {processor.py:799} INFO - Processing file /opt/airflow/dags/crypto_dag.py for tasks to queue
[2026-02-04T01:11:39.513+0000] {logging_mixin.py:149} INFO - [2026-02-04T01:11:39.513+0000] {dagbag.py:541} INFO - Filling up the DagBag from /opt/airflow/dags/crypto_dag.py
[2026-02-04T01:11:39.522+0000] {processor.py:809} INFO - DAG(s) dict_keys(['crypto_volatility_pipeline']) retrieved from /opt/airflow/dags/crypto_dag.py
[2026-02-04T01:11:39.542+0000] {logging_mixin.py:149} INFO - [2026-02-04T01:11:39.542+0000] {dag.py:2726} INFO - Sync 1 DAGs
[2026-02-04T01:11:39.558+0000] {logging_mixin.py:149} INFO - [2026-02-04T01:11:39.558+0000] {dag.py:3490} INFO - Setting next_dagrun for crypto_volatility_pipeline to 2026-02-04T01:10:00+00:00, run_after=2026-02-04T01:15:00+00:00
[2026-02-04T01:11:39.566+0000] {processor.py:178} INFO - Processing /opt/airflow/dags/crypto_dag.py took 0.056 seconds
[2026-02-04T01:12:09.826+0000] {processor.py:156} INFO - Started process (PID=4804) to work on /opt/airflow/dags/crypto_dag.py
[2026-02-04T01:12:09.827+0000] {processor.py:799} INFO - Processing file /opt/airflow/dags/crypto_dag.py for tasks to queue
[2026-02-04T01:12:09.828+0000] {logging_mixin.py:149} INFO - [2026-02-04T01:12:09.828+0000] {dagbag.py:541} INFO - Filling up the DagBag from /opt/airflow/dags/crypto_dag.py
[2026-02-04T01:12:09.840+0000] {processor.py:809} INFO - DAG(s) dict_keys(['crypto_volatility_pipeline']) retrieved from /opt/airflow/dags/crypto_dag.py
[2026-02-04T01:12:09.861+0000] {logging_mixin.py:149} INFO - [2026-02-04T01:12:09.861+0000] {dag.py:2726} INFO - Sync 1 DAGs
[2026-02-04T01:12:09.874+0000] {logging_mixin.py:149} INFO - [2026-02-04T01:12:09.874+0000] {dag.py:3490} INFO - Setting next_dagrun for crypto_volatility_pipeline to 2026-02-04T01:10:00+00:00, run_after=2026-02-04T01:15:00+00:00
[2026-02-04T01:12:09.882+0000] {processor.py:178} INFO - Processing /opt/airflow/dags/crypto_dag.py took 0.061 seconds
[2026-02-04T01:12:40.132+0000] {processor.py:156} INFO - Started process (PID=4805) to work on /opt/airflow/dags/crypto_dag.py
[2026-02-04T01:12:40.132+0000] {processor.py:799} INFO - Processing file /opt/airflow/dags/crypto_dag.py for tasks to queue
[2026-02-04T01:12:40.133+0000] {logging_mixin.py:149} INFO - [2026-02-04T01:12:40.133+0000] {dagbag.py:541} INFO - Filling up the DagBag from /opt/airflow/dags/crypto_dag.py
[2026-02-04T01:12:40.140+0000] {processor.py:809} INFO - DAG(s) dict_keys(['crypto_volatility_pipeline']) retrieved from /opt/airflow/dags/crypto_dag.py
[2026-02-04T01:12:40.154+0000] {logging_mixin.py:149} INFO - [2026-02-04T01:12:40.154+0000] {dag.py:2726} INFO - Sync 1 DAGs
[2026-02-04T01:12:40.166+0000] {logging_mixin.py:149} INFO - [2026-02-04T01:12:40.166+0000] {dag.py:3490} INFO - Setting next_dagrun for crypto_volatility_pipeline to 2026-02-04T01:10:00+00:00, run_after=2026-02-04T01:15:00+00:00
[2026-02-04T01:12:40.173+0000] {processor.py:178} INFO - Processing /opt/airflow/dags/crypto_dag.py took 0.044 seconds
[2026-02-04T01:13:10.437+0000] {processor.py:156} INFO - Started process (PID=4806) to work on /opt/airflow/dags/crypto_dag.py
[2026-02-04T01:13:10.438+0000] {processor.py:799} INFO - Processing file /opt/airflow/dags/crypto_dag.py for tasks to queue
[2026-02-04T01:13:10.439+0000] {logging_mixin.py:149} INFO - [2026-02-04T01:13:10.439+0000] {dagbag.py:541} INFO - Filling up the DagBag from /opt/airflow/dags/crypto_dag.py
[2026-02-04T01:13:10.450+0000] {processor.py:809} INFO - DAG(s) dict_keys(['crypto_volatility_pipeline']) retrieved from /opt/airflow/dags/crypto_dag.py
[2026-02-04T01:13:10.471+0000] {logging_mixin.py:149} INFO - [2026-02-04T01:13:10.470+0000] {dag.py:2726} INFO - Sync 1 DAGs
[2026-02-04T01:13:10.483+0000] {logging_mixin.py:149} INFO - [2026-02-04T01:13:10.483+0000] {dag.py:3490} INFO - Setting next_dagrun for crypto_volatility_pipeline to 2026-02-04T01:10:00+00:00, run_after=2026-02-04T01:15:00+00:00
[2026-02-04T01:13:10.491+0000] {processor.py:178} INFO - Processing /opt/airflow/dags/crypto_dag.py took 0.059 seconds
[2026-02-04T01:13:40.716+0000] {processor.py:156} INFO - Started process (PID=4807) to work on /opt/airflow/dags/crypto_dag.py
[2026-02-04T01:13:40.717+0000] {processor.py:799} INFO - Processing file /opt/airflow/dags/crypto_dag.py for tasks to queue
[2026-02-04T01:13:40.718+0000] {logging_mixin.py:149} INFO - [2026-02-04T01:13:40.718+0000] {dagbag.py:541} INFO - Filling up the DagBag from /opt/airflow/dags/crypto_dag.py
[2026-02-04T01:13:40.732+0000] {processor.py:809} INFO - DAG(s) dict_keys(['crypto_volatility_pipeline']) retrieved from /opt/airflow/dags/crypto_dag.py
[2026-02-04T01:13:40.750+0000] {logging_mixin.py:149} INFO - [2026-02-04T01:13:40.750+0000] {dag.py:2726} INFO - Sync 1 DAGs
[2026-02-04T01:13:40.764+0000] {logging_mixin.py:149} INFO - [2026-02-04T01:13:40.764+0000] {dag.py:3490} INFO - Setting next_dagrun for crypto_volatility_pipeline to 2026-02-04T01:10:00+00:00, run_after=2026-02-04T01:15:00+00:00
[2026-02-04T01:13:40.773+0000] {processor.py:178} INFO - Processing /opt/airflow/dags/crypto_dag.py took 0.061 seconds
[2026-02-04T01:14:11.032+0000] {processor.py:156} INFO - Started process (PID=4808) to work on /opt/airflow/dags/crypto_dag.py
[2026-02-04T01:14:11.033+0000] {processor.py:799} INFO - Processing file /opt/airflow/dags/crypto_dag.py for tasks to queue
[2026-02-04T01:14:11.033+0000] {logging_mixin.py:149} INFO - [2026-02-04T01:14:11.033+0000] {dagbag.py:541} INFO - Filling up the DagBag from /opt/airflow/dags/crypto_dag.py
[2026-02-04T01:14:11.045+0000] {processor.py:809} INFO - DAG(s) dict_keys(['crypto_volatility_pipeline']) retrieved from /opt/airflow/dags/crypto_dag.py
[2026-02-04T01:14:11.069+0000] {logging_mixin.py:149} INFO - [2026-02-04T01:14:11.069+0000] {dag.py:2726} INFO - Sync 1 DAGs
[2026-02-04T01:14:11.083+0000] {logging_mixin.py:149} INFO - [2026-02-04T01:14:11.083+0000] {dag.py:3490} INFO - Setting next_dagrun for crypto_volatility_pipeline to 2026-02-04T01:10:00+00:00, run_after=2026-02-04T01:15:00+00:00
[2026-02-04T01:14:11.090+0000] {processor.py:178} INFO - Processing /opt/airflow/dags/crypto_dag.py took 0.064 seconds
[2026-02-04T01:14:41.346+0000] {processor.py:156} INFO - Started process (PID=4809) to work on /opt/airflow/dags/crypto_dag.py
[2026-02-04T01:14:41.347+0000] {processor.py:799} INFO - Processing file /opt/airflow/dags/crypto_dag.py for tasks to queue
[2026-02-04T01:14:41.348+0000] {logging_mixin.py:149} INFO - [2026-02-04T01:14:41.347+0000] {dagbag.py:541} INFO - Filling up the DagBag from /opt/airflow/dags/crypto_dag.py
[2026-02-04T01:14:41.362+0000] {processor.py:809} INFO - DAG(s) dict_keys(['crypto_volatility_pipeline']) retrieved from /opt/airflow/dags/crypto_dag.py
[2026-02-04T01:14:41.385+0000] {logging_mixin.py:149} INFO - [2026-02-04T01:14:41.385+0000] {dag.py:2726} INFO - Sync 1 DAGs
[2026-02-04T01:14:41.400+0000] {logging_mixin.py:149} INFO - [2026-02-04T01:14:41.400+0000] {dag.py:3490} INFO - Setting next_dagrun for crypto_volatility_pipeline to 2026-02-04T01:10:00+00:00, run_after=2026-02-04T01:15:00+00:00
[2026-02-04T01:14:41.407+0000] {processor.py:178} INFO - Processing /opt/airflow/dags/crypto_dag.py took 0.067 seconds
[2026-02-04T01:15:11.610+0000] {processor.py:156} INFO - Started process (PID=4830) to work on /opt/airflow/dags/crypto_dag.py
[2026-02-04T01:15:11.611+0000] {processor.py:799} INFO - Processing file /opt/airflow/dags/crypto_dag.py for tasks to queue
[2026-02-04T01:15:11.612+0000] {logging_mixin.py:149} INFO - [2026-02-04T01:15:11.612+0000] {dagbag.py:541} INFO - Filling up the DagBag from /opt/airflow/dags/crypto_dag.py
[2026-02-04T01:15:11.625+0000] {processor.py:809} INFO - DAG(s) dict_keys(['crypto_volatility_pipeline']) retrieved from /opt/airflow/dags/crypto_dag.py
[2026-02-04T01:15:11.646+0000] {logging_mixin.py:149} INFO - [2026-02-04T01:15:11.646+0000] {dag.py:2726} INFO - Sync 1 DAGs
[2026-02-04T01:15:11.660+0000] {logging_mixin.py:149} INFO - [2026-02-04T01:15:11.660+0000] {dag.py:3490} INFO - Setting next_dagrun for crypto_volatility_pipeline to 2026-02-04T01:15:00+00:00, run_after=2026-02-04T01:20:00+00:00
[2026-02-04T01:15:11.667+0000] {processor.py:178} INFO - Processing /opt/airflow/dags/crypto_dag.py took 0.062 seconds
[2026-02-04T01:15:41.958+0000] {processor.py:156} INFO - Started process (PID=4831) to work on /opt/airflow/dags/crypto_dag.py
[2026-02-04T01:15:41.960+0000] {processor.py:799} INFO - Processing file /opt/airflow/dags/crypto_dag.py for tasks to queue
[2026-02-04T01:15:41.962+0000] {logging_mixin.py:149} INFO - [2026-02-04T01:15:41.962+0000] {dagbag.py:541} INFO - Filling up the DagBag from /opt/airflow/dags/crypto_dag.py
[2026-02-04T01:15:41.974+0000] {processor.py:809} INFO - DAG(s) dict_keys(['crypto_volatility_pipeline']) retrieved from /opt/airflow/dags/crypto_dag.py
[2026-02-04T01:15:42.002+0000] {logging_mixin.py:149} INFO - [2026-02-04T01:15:42.002+0000] {dag.py:2726} INFO - Sync 1 DAGs
[2026-02-04T01:15:42.018+0000] {logging_mixin.py:149} INFO - [2026-02-04T01:15:42.018+0000] {dag.py:3490} INFO - Setting next_dagrun for crypto_volatility_pipeline to 2026-02-04T01:15:00+00:00, run_after=2026-02-04T01:20:00+00:00
[2026-02-04T01:15:42.025+0000] {processor.py:178} INFO - Processing /opt/airflow/dags/crypto_dag.py took 0.075 seconds
[2026-02-04T01:16:12.295+0000] {processor.py:156} INFO - Started process (PID=4832) to work on /opt/airflow/dags/crypto_dag.py
[2026-02-04T01:16:12.296+0000] {processor.py:799} INFO - Processing file /opt/airflow/dags/crypto_dag.py for tasks to queue
[2026-02-04T01:16:12.296+0000] {logging_mixin.py:149} INFO - [2026-02-04T01:16:12.296+0000] {dagbag.py:541} INFO - Filling up the DagBag from /opt/airflow/dags/crypto_dag.py
[2026-02-04T01:16:12.311+0000] {processor.py:809} INFO - DAG(s) dict_keys(['crypto_volatility_pipeline']) retrieved from /opt/airflow/dags/crypto_dag.py
[2026-02-04T01:16:12.337+0000] {logging_mixin.py:149} INFO - [2026-02-04T01:16:12.337+0000] {dag.py:2726} INFO - Sync 1 DAGs
[2026-02-04T01:16:12.352+0000] {logging_mixin.py:149} INFO - [2026-02-04T01:16:12.352+0000] {dag.py:3490} INFO - Setting next_dagrun for crypto_volatility_pipeline to 2026-02-04T01:15:00+00:00, run_after=2026-02-04T01:20:00+00:00
[2026-02-04T01:16:12.360+0000] {processor.py:178} INFO - Processing /opt/airflow/dags/crypto_dag.py took 0.079 seconds
[2026-02-04T01:16:42.669+0000] {processor.py:156} INFO - Started process (PID=4833) to work on /opt/airflow/dags/crypto_dag.py
[2026-02-04T01:16:42.670+0000] {processor.py:799} INFO - Processing file /opt/airflow/dags/crypto_dag.py for tasks to queue
[2026-02-04T01:16:42.671+0000] {logging_mixin.py:149} INFO - [2026-02-04T01:16:42.671+0000] {dagbag.py:541} INFO - Filling up the DagBag from /opt/airflow/dags/crypto_dag.py
[2026-02-04T01:16:42.686+0000] {processor.py:809} INFO - DAG(s) dict_keys(['crypto_volatility_pipeline']) retrieved from /opt/airflow/dags/crypto_dag.py
[2026-02-04T01:16:42.708+0000] {logging_mixin.py:149} INFO - [2026-02-04T01:16:42.708+0000] {dag.py:2726} INFO - Sync 1 DAGs
[2026-02-04T01:16:42.725+0000] {logging_mixin.py:149} INFO - [2026-02-04T01:16:42.725+0000] {dag.py:3490} INFO - Setting next_dagrun for crypto_volatility_pipeline to 2026-02-04T01:15:00+00:00, run_after=2026-02-04T01:20:00+00:00
[2026-02-04T01:16:42.734+0000] {processor.py:178} INFO - Processing /opt/airflow/dags/crypto_dag.py took 0.071 seconds
[2026-02-04T01:17:13.017+0000] {processor.py:156} INFO - Started process (PID=4834) to work on /opt/airflow/dags/crypto_dag.py
[2026-02-04T01:17:13.018+0000] {processor.py:799} INFO - Processing file /opt/airflow/dags/crypto_dag.py for tasks to queue
[2026-02-04T01:17:13.019+0000] {logging_mixin.py:149} INFO - [2026-02-04T01:17:13.018+0000] {dagbag.py:541} INFO - Filling up the DagBag from /opt/airflow/dags/crypto_dag.py
[2026-02-04T01:17:13.031+0000] {processor.py:809} INFO - DAG(s) dict_keys(['crypto_volatility_pipeline']) retrieved from /opt/airflow/dags/crypto_dag.py
[2026-02-04T01:17:13.050+0000] {logging_mixin.py:149} INFO - [2026-02-04T01:17:13.050+0000] {dag.py:2726} INFO - Sync 1 DAGs
[2026-02-04T01:17:13.065+0000] {logging_mixin.py:149} INFO - [2026-02-04T01:17:13.065+0000] {dag.py:3490} INFO - Setting next_dagrun for crypto_volatility_pipeline to 2026-02-04T01:15:00+00:00, run_after=2026-02-04T01:20:00+00:00
[2026-02-04T01:17:13.073+0000] {processor.py:178} INFO - Processing /opt/airflow/dags/crypto_dag.py took 0.060 seconds
[2026-02-04T01:17:43.326+0000] {processor.py:156} INFO - Started process (PID=4835) to work on /opt/airflow/dags/crypto_dag.py
[2026-02-04T01:17:43.327+0000] {processor.py:799} INFO - Processing file /opt/airflow/dags/crypto_dag.py for tasks to queue
[2026-02-04T01:17:43.328+0000] {logging_mixin.py:149} INFO - [2026-02-04T01:17:43.328+0000] {dagbag.py:541} INFO - Filling up the DagBag from /opt/airflow/dags/crypto_dag.py
[2026-02-04T01:17:43.342+0000] {processor.py:809} INFO - DAG(s) dict_keys(['crypto_volatility_pipeline']) retrieved from /opt/airflow/dags/crypto_dag.py
[2026-02-04T01:17:43.364+0000] {logging_mixin.py:149} INFO - [2026-02-04T01:17:43.364+0000] {dag.py:2726} INFO - Sync 1 DAGs
[2026-02-04T01:17:43.377+0000] {logging_mixin.py:149} INFO - [2026-02-04T01:17:43.377+0000] {dag.py:3490} INFO - Setting next_dagrun for crypto_volatility_pipeline to 2026-02-04T01:15:00+00:00, run_after=2026-02-04T01:20:00+00:00
[2026-02-04T01:17:43.384+0000] {processor.py:178} INFO - Processing /opt/airflow/dags/crypto_dag.py took 0.065 seconds
[2026-02-04T01:18:13.632+0000] {processor.py:156} INFO - Started process (PID=4836) to work on /opt/airflow/dags/crypto_dag.py
[2026-02-04T01:18:13.633+0000] {processor.py:799} INFO - Processing file /opt/airflow/dags/crypto_dag.py for tasks to queue
[2026-02-04T01:18:13.634+0000] {logging_mixin.py:149} INFO - [2026-02-04T01:18:13.634+0000] {dagbag.py:541} INFO - Filling up the DagBag from /opt/airflow/dags/crypto_dag.py
[2026-02-04T01:18:13.647+0000] {processor.py:809} INFO - DAG(s) dict_keys(['crypto_volatility_pipeline']) retrieved from /opt/airflow/dags/crypto_dag.py
[2026-02-04T01:18:13.688+0000] {logging_mixin.py:149} INFO - [2026-02-04T01:18:13.688+0000] {dag.py:2726} INFO - Sync 1 DAGs
[2026-02-04T01:18:13.701+0000] {logging_mixin.py:149} INFO - [2026-02-04T01:18:13.701+0000] {dag.py:3490} INFO - Setting next_dagrun for crypto_volatility_pipeline to 2026-02-04T01:15:00+00:00, run_after=2026-02-04T01:20:00+00:00
[2026-02-04T01:18:13.708+0000] {processor.py:178} INFO - Processing /opt/airflow/dags/crypto_dag.py took 0.080 seconds
[2026-02-04T01:18:43.925+0000] {processor.py:156} INFO - Started process (PID=4837) to work on /opt/airflow/dags/crypto_dag.py
[2026-02-04T01:18:43.926+0000] {processor.py:799} INFO - Processing file /opt/airflow/dags/crypto_dag.py for tasks to queue
[2026-02-04T01:18:43.927+0000] {logging_mixin.py:149} INFO - [2026-02-04T01:18:43.927+0000] {dagbag.py:541} INFO - Filling up the DagBag from /opt/airflow/dags/crypto_dag.py
[2026-02-04T01:18:43.943+0000] {processor.py:809} INFO - DAG(s) dict_keys(['crypto_volatility_pipeline']) retrieved from /opt/airflow/dags/crypto_dag.py
[2026-02-04T01:18:43.967+0000] {logging_mixin.py:149} INFO - [2026-02-04T01:18:43.967+0000] {dag.py:2726} INFO - Sync 1 DAGs
[2026-02-04T01:18:43.981+0000] {logging_mixin.py:149} INFO - [2026-02-04T01:18:43.981+0000] {dag.py:3490} INFO - Setting next_dagrun for crypto_volatility_pipeline to 2026-02-04T01:15:00+00:00, run_after=2026-02-04T01:20:00+00:00
[2026-02-04T01:18:43.987+0000] {processor.py:178} INFO - Processing /opt/airflow/dags/crypto_dag.py took 0.068 seconds
[2026-02-04T01:19:14.319+0000] {processor.py:156} INFO - Started process (PID=4838) to work on /opt/airflow/dags/crypto_dag.py
[2026-02-04T01:19:14.319+0000] {processor.py:799} INFO - Processing file /opt/airflow/dags/crypto_dag.py for tasks to queue
[2026-02-04T01:19:14.320+0000] {logging_mixin.py:149} INFO - [2026-02-04T01:19:14.320+0000] {dagbag.py:541} INFO - Filling up the DagBag from /opt/airflow/dags/crypto_dag.py
[2026-02-04T01:19:14.334+0000] {processor.py:809} INFO - DAG(s) dict_keys(['crypto_volatility_pipeline']) retrieved from /opt/airflow/dags/crypto_dag.py
[2026-02-04T01:19:14.356+0000] {logging_mixin.py:149} INFO - [2026-02-04T01:19:14.356+0000] {dag.py:2726} INFO - Sync 1 DAGs
[2026-02-04T01:19:14.370+0000] {logging_mixin.py:149} INFO - [2026-02-04T01:19:14.370+0000] {dag.py:3490} INFO - Setting next_dagrun for crypto_volatility_pipeline to 2026-02-04T01:15:00+00:00, run_after=2026-02-04T01:20:00+00:00
[2026-02-04T01:19:14.378+0000] {processor.py:178} INFO - Processing /opt/airflow/dags/crypto_dag.py took 0.064 seconds
[2026-02-04T01:19:44.626+0000] {processor.py:156} INFO - Started process (PID=4839) to work on /opt/airflow/dags/crypto_dag.py
[2026-02-04T01:19:44.627+0000] {processor.py:799} INFO - Processing file /opt/airflow/dags/crypto_dag.py for tasks to queue
[2026-02-04T01:19:44.628+0000] {logging_mixin.py:149} INFO - [2026-02-04T01:19:44.628+0000] {dagbag.py:541} INFO - Filling up the DagBag from /opt/airflow/dags/crypto_dag.py
[2026-02-04T01:19:44.641+0000] {processor.py:809} INFO - DAG(s) dict_keys(['crypto_volatility_pipeline']) retrieved from /opt/airflow/dags/crypto_dag.py
[2026-02-04T01:19:44.661+0000] {logging_mixin.py:149} INFO - [2026-02-04T01:19:44.661+0000] {dag.py:2726} INFO - Sync 1 DAGs
[2026-02-04T01:19:44.675+0000] {logging_mixin.py:149} INFO - [2026-02-04T01:19:44.675+0000] {dag.py:3490} INFO - Setting next_dagrun for crypto_volatility_pipeline to 2026-02-04T01:15:00+00:00, run_after=2026-02-04T01:20:00+00:00
[2026-02-04T01:19:44.682+0000] {processor.py:178} INFO - Processing /opt/airflow/dags/crypto_dag.py took 0.061 seconds
[2026-02-04T01:20:14.921+0000] {processor.py:156} INFO - Started process (PID=4860) to work on /opt/airflow/dags/crypto_dag.py
[2026-02-04T01:20:14.922+0000] {processor.py:799} INFO - Processing file /opt/airflow/dags/crypto_dag.py for tasks to queue
[2026-02-04T01:20:14.923+0000] {logging_mixin.py:149} INFO - [2026-02-04T01:20:14.923+0000] {dagbag.py:541} INFO - Filling up the DagBag from /opt/airflow/dags/crypto_dag.py
[2026-02-04T01:20:14.937+0000] {processor.py:809} INFO - DAG(s) dict_keys(['crypto_volatility_pipeline']) retrieved from /opt/airflow/dags/crypto_dag.py
[2026-02-04T01:20:14.957+0000] {logging_mixin.py:149} INFO - [2026-02-04T01:20:14.957+0000] {dag.py:2726} INFO - Sync 1 DAGs
[2026-02-04T01:20:14.970+0000] {logging_mixin.py:149} INFO - [2026-02-04T01:20:14.970+0000] {dag.py:3490} INFO - Setting next_dagrun for crypto_volatility_pipeline to 2026-02-04T01:20:00+00:00, run_after=2026-02-04T01:25:00+00:00
[2026-02-04T01:20:14.978+0000] {processor.py:178} INFO - Processing /opt/airflow/dags/crypto_dag.py took 0.061 seconds
[2026-02-04T01:20:45.197+0000] {processor.py:156} INFO - Started process (PID=4861) to work on /opt/airflow/dags/crypto_dag.py
[2026-02-04T01:20:45.198+0000] {processor.py:799} INFO - Processing file /opt/airflow/dags/crypto_dag.py for tasks to queue
[2026-02-04T01:20:45.199+0000] {logging_mixin.py:149} INFO - [2026-02-04T01:20:45.198+0000] {dagbag.py:541} INFO - Filling up the DagBag from /opt/airflow/dags/crypto_dag.py
[2026-02-04T01:20:45.212+0000] {processor.py:809} INFO - DAG(s) dict_keys(['crypto_volatility_pipeline']) retrieved from /opt/airflow/dags/crypto_dag.py
[2026-02-04T01:20:45.233+0000] {logging_mixin.py:149} INFO - [2026-02-04T01:20:45.233+0000] {dag.py:2726} INFO - Sync 1 DAGs
[2026-02-04T01:20:45.247+0000] {logging_mixin.py:149} INFO - [2026-02-04T01:20:45.247+0000] {dag.py:3490} INFO - Setting next_dagrun for crypto_volatility_pipeline to 2026-02-04T01:20:00+00:00, run_after=2026-02-04T01:25:00+00:00
[2026-02-04T01:20:45.254+0000] {processor.py:178} INFO - Processing /opt/airflow/dags/crypto_dag.py took 0.062 seconds
[2026-02-04T01:21:15.487+0000] {processor.py:156} INFO - Started process (PID=4862) to work on /opt/airflow/dags/crypto_dag.py
[2026-02-04T01:21:15.487+0000] {processor.py:799} INFO - Processing file /opt/airflow/dags/crypto_dag.py for tasks to queue
[2026-02-04T01:21:15.488+0000] {logging_mixin.py:149} INFO - [2026-02-04T01:21:15.488+0000] {dagbag.py:541} INFO - Filling up the DagBag from /opt/airflow/dags/crypto_dag.py
[2026-02-04T01:21:15.500+0000] {processor.py:809} INFO - DAG(s) dict_keys(['crypto_volatility_pipeline']) retrieved from /opt/airflow/dags/crypto_dag.py
[2026-02-04T01:21:15.524+0000] {logging_mixin.py:149} INFO - [2026-02-04T01:21:15.523+0000] {dag.py:2726} INFO - Sync 1 DAGs
[2026-02-04T01:21:15.540+0000] {logging_mixin.py:149} INFO - [2026-02-04T01:21:15.540+0000] {dag.py:3490} INFO - Setting next_dagrun for crypto_volatility_pipeline to 2026-02-04T01:20:00+00:00, run_after=2026-02-04T01:25:00+00:00
[2026-02-04T01:21:15.551+0000] {processor.py:178} INFO - Processing /opt/airflow/dags/crypto_dag.py took 0.067 seconds
[2026-02-04T01:21:45.778+0000] {processor.py:156} INFO - Started process (PID=4863) to work on /opt/airflow/dags/crypto_dag.py
[2026-02-04T01:21:45.779+0000] {processor.py:799} INFO - Processing file /opt/airflow/dags/crypto_dag.py for tasks to queue
[2026-02-04T01:21:45.779+0000] {logging_mixin.py:149} INFO - [2026-02-04T01:21:45.779+0000] {dagbag.py:541} INFO - Filling up the DagBag from /opt/airflow/dags/crypto_dag.py
[2026-02-04T01:21:45.794+0000] {processor.py:809} INFO - DAG(s) dict_keys(['crypto_volatility_pipeline']) retrieved from /opt/airflow/dags/crypto_dag.py
[2026-02-04T01:21:45.816+0000] {logging_mixin.py:149} INFO - [2026-02-04T01:21:45.815+0000] {dag.py:2726} INFO - Sync 1 DAGs
[2026-02-04T01:21:45.831+0000] {logging_mixin.py:149} INFO - [2026-02-04T01:21:45.831+0000] {dag.py:3490} INFO - Setting next_dagrun for crypto_volatility_pipeline to 2026-02-04T01:20:00+00:00, run_after=2026-02-04T01:25:00+00:00
[2026-02-04T01:21:45.839+0000] {processor.py:178} INFO - Processing /opt/airflow/dags/crypto_dag.py took 0.066 seconds
[2026-02-04T01:22:16.065+0000] {processor.py:156} INFO - Started process (PID=4864) to work on /opt/airflow/dags/crypto_dag.py
[2026-02-04T01:22:16.066+0000] {processor.py:799} INFO - Processing file /opt/airflow/dags/crypto_dag.py for tasks to queue
[2026-02-04T01:22:16.067+0000] {logging_mixin.py:149} INFO - [2026-02-04T01:22:16.067+0000] {dagbag.py:541} INFO - Filling up the DagBag from /opt/airflow/dags/crypto_dag.py
[2026-02-04T01:22:16.080+0000] {processor.py:809} INFO - DAG(s) dict_keys(['crypto_volatility_pipeline']) retrieved from /opt/airflow/dags/crypto_dag.py
[2026-02-04T01:22:16.099+0000] {logging_mixin.py:149} INFO - [2026-02-04T01:22:16.099+0000] {dag.py:2726} INFO - Sync 1 DAGs
[2026-02-04T01:22:16.133+0000] {logging_mixin.py:149} INFO - [2026-02-04T01:22:16.132+0000] {dag.py:3490} INFO - Setting next_dagrun for crypto_volatility_pipeline to 2026-02-04T01:20:00+00:00, run_after=2026-02-04T01:25:00+00:00
[2026-02-04T01:22:16.147+0000] {processor.py:178} INFO - Processing /opt/airflow/dags/crypto_dag.py took 0.087 seconds
[2026-02-04T01:22:46.352+0000] {processor.py:156} INFO - Started process (PID=4865) to work on /opt/airflow/dags/crypto_dag.py
[2026-02-04T01:22:46.354+0000] {processor.py:799} INFO - Processing file /opt/airflow/dags/crypto_dag.py for tasks to queue
[2026-02-04T01:22:46.354+0000] {logging_mixin.py:149} INFO - [2026-02-04T01:22:46.354+0000] {dagbag.py:541} INFO - Filling up the DagBag from /opt/airflow/dags/crypto_dag.py
[2026-02-04T01:22:46.367+0000] {processor.py:809} INFO - DAG(s) dict_keys(['crypto_volatility_pipeline']) retrieved from /opt/airflow/dags/crypto_dag.py
[2026-02-04T01:22:46.388+0000] {logging_mixin.py:149} INFO - [2026-02-04T01:22:46.388+0000] {dag.py:2726} INFO - Sync 1 DAGs
[2026-02-04T01:22:46.402+0000] {logging_mixin.py:149} INFO - [2026-02-04T01:22:46.402+0000] {dag.py:3490} INFO - Setting next_dagrun for crypto_volatility_pipeline to 2026-02-04T01:20:00+00:00, run_after=2026-02-04T01:25:00+00:00
[2026-02-04T01:22:46.409+0000] {processor.py:178} INFO - Processing /opt/airflow/dags/crypto_dag.py took 0.061 seconds
[2026-02-04T01:23:16.674+0000] {processor.py:156} INFO - Started process (PID=4866) to work on /opt/airflow/dags/crypto_dag.py
[2026-02-04T01:23:16.675+0000] {processor.py:799} INFO - Processing file /opt/airflow/dags/crypto_dag.py for tasks to queue
[2026-02-04T01:23:16.676+0000] {logging_mixin.py:149} INFO - [2026-02-04T01:23:16.676+0000] {dagbag.py:541} INFO - Filling up the DagBag from /opt/airflow/dags/crypto_dag.py
[2026-02-04T01:23:16.689+0000] {processor.py:809} INFO - DAG(s) dict_keys(['crypto_volatility_pipeline']) retrieved from /opt/airflow/dags/crypto_dag.py
[2026-02-04T01:23:16.708+0000] {logging_mixin.py:149} INFO - [2026-02-04T01:23:16.708+0000] {dag.py:2726} INFO - Sync 1 DAGs
[2026-02-04T01:23:16.721+0000] {logging_mixin.py:149} INFO - [2026-02-04T01:23:16.721+0000] {dag.py:3490} INFO - Setting next_dagrun for crypto_volatility_pipeline to 2026-02-04T01:20:00+00:00, run_after=2026-02-04T01:25:00+00:00
[2026-02-04T01:23:16.728+0000] {processor.py:178} INFO - Processing /opt/airflow/dags/crypto_dag.py took 0.059 seconds
[2026-02-04T01:23:46.945+0000] {processor.py:156} INFO - Started process (PID=4867) to work on /opt/airflow/dags/crypto_dag.py
[2026-02-04T01:23:46.946+0000] {processor.py:799} INFO - Processing file /opt/airflow/dags/crypto_dag.py for tasks to queue
[2026-02-04T01:23:46.947+0000] {logging_mixin.py:149} INFO - [2026-02-04T01:23:46.947+0000] {dagbag.py:541} INFO - Filling up the DagBag from /opt/airflow/dags/crypto_dag.py
[2026-02-04T01:23:46.959+0000] {processor.py:809} INFO - DAG(s) dict_keys(['crypto_volatility_pipeline']) retrieved from /opt/airflow/dags/crypto_dag.py
[2026-02-04T01:23:46.980+0000] {logging_mixin.py:149} INFO - [2026-02-04T01:23:46.980+0000] {dag.py:2726} INFO - Sync 1 DAGs
[2026-02-04T01:23:46.993+0000] {logging_mixin.py:149} INFO - [2026-02-04T01:23:46.993+0000] {dag.py:3490} INFO - Setting next_dagrun for crypto_volatility_pipeline to 2026-02-04T01:20:00+00:00, run_after=2026-02-04T01:25:00+00:00
[2026-02-04T01:23:47.002+0000] {processor.py:178} INFO - Processing /opt/airflow/dags/crypto_dag.py took 0.061 seconds
[2026-02-04T01:24:17.243+0000] {processor.py:156} INFO - Started process (PID=4868) to work on /opt/airflow/dags/crypto_dag.py
[2026-02-04T01:24:17.244+0000] {processor.py:799} INFO - Processing file /opt/airflow/dags/crypto_dag.py for tasks to queue
[2026-02-04T01:24:17.245+0000] {logging_mixin.py:149} INFO - [2026-02-04T01:24:17.245+0000] {dagbag.py:541} INFO - Filling up the DagBag from /opt/airflow/dags/crypto_dag.py
[2026-02-04T01:24:17.256+0000] {processor.py:809} INFO - DAG(s) dict_keys(['crypto_volatility_pipeline']) retrieved from /opt/airflow/dags/crypto_dag.py
[2026-02-04T01:24:17.276+0000] {logging_mixin.py:149} INFO - [2026-02-04T01:24:17.276+0000] {dag.py:2726} INFO - Sync 1 DAGs
[2026-02-04T01:24:17.290+0000] {logging_mixin.py:149} INFO - [2026-02-04T01:24:17.290+0000] {dag.py:3490} INFO - Setting next_dagrun for crypto_volatility_pipeline to 2026-02-04T01:20:00+00:00, run_after=2026-02-04T01:25:00+00:00
[2026-02-04T01:24:17.297+0000] {processor.py:178} INFO - Processing /opt/airflow/dags/crypto_dag.py took 0.058 seconds
[2026-02-04T01:24:47.530+0000] {processor.py:156} INFO - Started process (PID=4869) to work on /opt/airflow/dags/crypto_dag.py
[2026-02-04T01:24:47.531+0000] {processor.py:799} INFO - Processing file /opt/airflow/dags/crypto_dag.py for tasks to queue
[2026-02-04T01:24:47.531+0000] {logging_mixin.py:149} INFO - [2026-02-04T01:24:47.531+0000] {dagbag.py:541} INFO - Filling up the DagBag from /opt/airflow/dags/crypto_dag.py
[2026-02-04T01:24:47.543+0000] {processor.py:809} INFO - DAG(s) dict_keys(['crypto_volatility_pipeline']) retrieved from /opt/airflow/dags/crypto_dag.py
[2026-02-04T01:24:47.564+0000] {logging_mixin.py:149} INFO - [2026-02-04T01:24:47.563+0000] {dag.py:2726} INFO - Sync 1 DAGs
[2026-02-04T01:24:47.578+0000] {logging_mixin.py:149} INFO - [2026-02-04T01:24:47.578+0000] {dag.py:3490} INFO - Setting next_dagrun for crypto_volatility_pipeline to 2026-02-04T01:20:00+00:00, run_after=2026-02-04T01:25:00+00:00
[2026-02-04T01:24:47.586+0000] {processor.py:178} INFO - Processing /opt/airflow/dags/crypto_dag.py took 0.061 seconds
[2026-02-04T01:25:17.821+0000] {processor.py:156} INFO - Started process (PID=4890) to work on /opt/airflow/dags/crypto_dag.py
[2026-02-04T01:25:17.821+0000] {processor.py:799} INFO - Processing file /opt/airflow/dags/crypto_dag.py for tasks to queue
[2026-02-04T01:25:17.822+0000] {logging_mixin.py:149} INFO - [2026-02-04T01:25:17.822+0000] {dagbag.py:541} INFO - Filling up the DagBag from /opt/airflow/dags/crypto_dag.py
[2026-02-04T01:25:17.832+0000] {processor.py:809} INFO - DAG(s) dict_keys(['crypto_volatility_pipeline']) retrieved from /opt/airflow/dags/crypto_dag.py
[2026-02-04T01:25:17.852+0000] {logging_mixin.py:149} INFO - [2026-02-04T01:25:17.852+0000] {dag.py:2726} INFO - Sync 1 DAGs
[2026-02-04T01:25:17.864+0000] {logging_mixin.py:149} INFO - [2026-02-04T01:25:17.864+0000] {dag.py:3490} INFO - Setting next_dagrun for crypto_volatility_pipeline to 2026-02-04T01:25:00+00:00, run_after=2026-02-04T01:30:00+00:00
[2026-02-04T01:25:17.871+0000] {processor.py:178} INFO - Processing /opt/airflow/dags/crypto_dag.py took 0.056 seconds
[2026-02-04T01:25:48.149+0000] {processor.py:156} INFO - Started process (PID=4891) to work on /opt/airflow/dags/crypto_dag.py
[2026-02-04T01:25:48.151+0000] {processor.py:799} INFO - Processing file /opt/airflow/dags/crypto_dag.py for tasks to queue
[2026-02-04T01:25:48.152+0000] {logging_mixin.py:149} INFO - [2026-02-04T01:25:48.151+0000] {dagbag.py:541} INFO - Filling up the DagBag from /opt/airflow/dags/crypto_dag.py
[2026-02-04T01:25:48.177+0000] {processor.py:809} INFO - DAG(s) dict_keys(['crypto_volatility_pipeline']) retrieved from /opt/airflow/dags/crypto_dag.py
[2026-02-04T01:25:48.214+0000] {logging_mixin.py:149} INFO - [2026-02-04T01:25:48.213+0000] {dag.py:2726} INFO - Sync 1 DAGs
[2026-02-04T01:25:48.233+0000] {logging_mixin.py:149} INFO - [2026-02-04T01:25:48.233+0000] {dag.py:3490} INFO - Setting next_dagrun for crypto_volatility_pipeline to 2026-02-04T01:25:00+00:00, run_after=2026-02-04T01:30:00+00:00
[2026-02-04T01:25:48.241+0000] {processor.py:178} INFO - Processing /opt/airflow/dags/crypto_dag.py took 0.100 seconds
[2026-02-04T01:26:18.435+0000] {processor.py:156} INFO - Started process (PID=4892) to work on /opt/airflow/dags/crypto_dag.py
[2026-02-04T01:26:18.436+0000] {processor.py:799} INFO - Processing file /opt/airflow/dags/crypto_dag.py for tasks to queue
[2026-02-04T01:26:18.436+0000] {logging_mixin.py:149} INFO - [2026-02-04T01:26:18.436+0000] {dagbag.py:541} INFO - Filling up the DagBag from /opt/airflow/dags/crypto_dag.py
[2026-02-04T01:26:18.443+0000] {processor.py:809} INFO - DAG(s) dict_keys(['crypto_volatility_pipeline']) retrieved from /opt/airflow/dags/crypto_dag.py
[2026-02-04T01:26:18.459+0000] {logging_mixin.py:149} INFO - [2026-02-04T01:26:18.459+0000] {dag.py:2726} INFO - Sync 1 DAGs
[2026-02-04T01:26:18.474+0000] {logging_mixin.py:149} INFO - [2026-02-04T01:26:18.474+0000] {dag.py:3490} INFO - Setting next_dagrun for crypto_volatility_pipeline to 2026-02-04T01:25:00+00:00, run_after=2026-02-04T01:30:00+00:00
[2026-02-04T01:26:18.484+0000] {processor.py:178} INFO - Processing /opt/airflow/dags/crypto_dag.py took 0.052 seconds
[2026-02-04T01:26:48.756+0000] {processor.py:156} INFO - Started process (PID=4893) to work on /opt/airflow/dags/crypto_dag.py
[2026-02-04T01:26:48.757+0000] {processor.py:799} INFO - Processing file /opt/airflow/dags/crypto_dag.py for tasks to queue
[2026-02-04T01:26:48.758+0000] {logging_mixin.py:149} INFO - [2026-02-04T01:26:48.758+0000] {dagbag.py:541} INFO - Filling up the DagBag from /opt/airflow/dags/crypto_dag.py
[2026-02-04T01:26:48.771+0000] {processor.py:809} INFO - DAG(s) dict_keys(['crypto_volatility_pipeline']) retrieved from /opt/airflow/dags/crypto_dag.py
[2026-02-04T01:26:48.793+0000] {logging_mixin.py:149} INFO - [2026-02-04T01:26:48.793+0000] {dag.py:2726} INFO - Sync 1 DAGs
[2026-02-04T01:26:48.806+0000] {logging_mixin.py:149} INFO - [2026-02-04T01:26:48.806+0000] {dag.py:3490} INFO - Setting next_dagrun for crypto_volatility_pipeline to 2026-02-04T01:25:00+00:00, run_after=2026-02-04T01:30:00+00:00
[2026-02-04T01:26:48.812+0000] {processor.py:178} INFO - Processing /opt/airflow/dags/crypto_dag.py took 0.062 seconds
[2026-02-04T01:27:19.037+0000] {processor.py:156} INFO - Started process (PID=4894) to work on /opt/airflow/dags/crypto_dag.py
[2026-02-04T01:27:19.038+0000] {processor.py:799} INFO - Processing file /opt/airflow/dags/crypto_dag.py for tasks to queue
[2026-02-04T01:27:19.038+0000] {logging_mixin.py:149} INFO - [2026-02-04T01:27:19.038+0000] {dagbag.py:541} INFO - Filling up the DagBag from /opt/airflow/dags/crypto_dag.py
[2026-02-04T01:27:19.052+0000] {processor.py:809} INFO - DAG(s) dict_keys(['crypto_volatility_pipeline']) retrieved from /opt/airflow/dags/crypto_dag.py
[2026-02-04T01:27:19.072+0000] {logging_mixin.py:149} INFO - [2026-02-04T01:27:19.072+0000] {dag.py:2726} INFO - Sync 1 DAGs
[2026-02-04T01:27:19.086+0000] {logging_mixin.py:149} INFO - [2026-02-04T01:27:19.085+0000] {dag.py:3490} INFO - Setting next_dagrun for crypto_volatility_pipeline to 2026-02-04T01:25:00+00:00, run_after=2026-02-04T01:30:00+00:00
[2026-02-04T01:27:19.093+0000] {processor.py:178} INFO - Processing /opt/airflow/dags/crypto_dag.py took 0.062 seconds
[2026-02-04T01:27:49.333+0000] {processor.py:156} INFO - Started process (PID=4895) to work on /opt/airflow/dags/crypto_dag.py
[2026-02-04T01:27:49.335+0000] {processor.py:799} INFO - Processing file /opt/airflow/dags/crypto_dag.py for tasks to queue
[2026-02-04T01:27:49.335+0000] {logging_mixin.py:149} INFO - [2026-02-04T01:27:49.335+0000] {dagbag.py:541} INFO - Filling up the DagBag from /opt/airflow/dags/crypto_dag.py
[2026-02-04T01:27:49.353+0000] {processor.py:809} INFO - DAG(s) dict_keys(['crypto_volatility_pipeline']) retrieved from /opt/airflow/dags/crypto_dag.py
[2026-02-04T01:27:49.377+0000] {logging_mixin.py:149} INFO - [2026-02-04T01:27:49.377+0000] {dag.py:2726} INFO - Sync 1 DAGs
[2026-02-04T01:27:49.391+0000] {logging_mixin.py:149} INFO - [2026-02-04T01:27:49.391+0000] {dag.py:3490} INFO - Setting next_dagrun for crypto_volatility_pipeline to 2026-02-04T01:25:00+00:00, run_after=2026-02-04T01:30:00+00:00
[2026-02-04T01:27:49.398+0000] {processor.py:178} INFO - Processing /opt/airflow/dags/crypto_dag.py took 0.072 seconds
[2026-02-04T01:28:19.657+0000] {processor.py:156} INFO - Started process (PID=4896) to work on /opt/airflow/dags/crypto_dag.py
[2026-02-04T01:28:19.658+0000] {processor.py:799} INFO - Processing file /opt/airflow/dags/crypto_dag.py for tasks to queue
[2026-02-04T01:28:19.659+0000] {logging_mixin.py:149} INFO - [2026-02-04T01:28:19.658+0000] {dagbag.py:541} INFO - Filling up the DagBag from /opt/airflow/dags/crypto_dag.py
[2026-02-04T01:28:19.677+0000] {processor.py:809} INFO - DAG(s) dict_keys(['crypto_volatility_pipeline']) retrieved from /opt/airflow/dags/crypto_dag.py
[2026-02-04T01:28:19.699+0000] {logging_mixin.py:149} INFO - [2026-02-04T01:28:19.699+0000] {dag.py:2726} INFO - Sync 1 DAGs
[2026-02-04T01:28:19.712+0000] {logging_mixin.py:149} INFO - [2026-02-04T01:28:19.711+0000] {dag.py:3490} INFO - Setting next_dagrun for crypto_volatility_pipeline to 2026-02-04T01:25:00+00:00, run_after=2026-02-04T01:30:00+00:00
[2026-02-04T01:28:19.719+0000] {processor.py:178} INFO - Processing /opt/airflow/dags/crypto_dag.py took 0.068 seconds
[2026-02-04T01:28:49.995+0000] {processor.py:156} INFO - Started process (PID=4897) to work on /opt/airflow/dags/crypto_dag.py
[2026-02-04T01:28:49.996+0000] {processor.py:799} INFO - Processing file /opt/airflow/dags/crypto_dag.py for tasks to queue
[2026-02-04T01:28:49.996+0000] {logging_mixin.py:149} INFO - [2026-02-04T01:28:49.996+0000] {dagbag.py:541} INFO - Filling up the DagBag from /opt/airflow/dags/crypto_dag.py
[2026-02-04T01:28:50.008+0000] {processor.py:809} INFO - DAG(s) dict_keys(['crypto_volatility_pipeline']) retrieved from /opt/airflow/dags/crypto_dag.py
[2026-02-04T01:28:50.030+0000] {logging_mixin.py:149} INFO - [2026-02-04T01:28:50.030+0000] {dag.py:2726} INFO - Sync 1 DAGs
[2026-02-04T01:28:50.045+0000] {logging_mixin.py:149} INFO - [2026-02-04T01:28:50.045+0000] {dag.py:3490} INFO - Setting next_dagrun for crypto_volatility_pipeline to 2026-02-04T01:25:00+00:00, run_after=2026-02-04T01:30:00+00:00
[2026-02-04T01:28:50.053+0000] {processor.py:178} INFO - Processing /opt/airflow/dags/crypto_dag.py took 0.064 seconds
[2026-02-04T01:29:20.320+0000] {processor.py:156} INFO - Started process (PID=4898) to work on /opt/airflow/dags/crypto_dag.py
[2026-02-04T01:29:20.322+0000] {processor.py:799} INFO - Processing file /opt/airflow/dags/crypto_dag.py for tasks to queue
[2026-02-04T01:29:20.323+0000] {logging_mixin.py:149} INFO - [2026-02-04T01:29:20.323+0000] {dagbag.py:541} INFO - Filling up the DagBag from /opt/airflow/dags/crypto_dag.py
[2026-02-04T01:29:20.335+0000] {processor.py:809} INFO - DAG(s) dict_keys(['crypto_volatility_pipeline']) retrieved from /opt/airflow/dags/crypto_dag.py
[2026-02-04T01:29:20.356+0000] {logging_mixin.py:149} INFO - [2026-02-04T01:29:20.356+0000] {dag.py:2726} INFO - Sync 1 DAGs
[2026-02-04T01:29:20.369+0000] {logging_mixin.py:149} INFO - [2026-02-04T01:29:20.369+0000] {dag.py:3490} INFO - Setting next_dagrun for crypto_volatility_pipeline to 2026-02-04T01:25:00+00:00, run_after=2026-02-04T01:30:00+00:00
[2026-02-04T01:29:20.376+0000] {processor.py:178} INFO - Processing /opt/airflow/dags/crypto_dag.py took 0.061 seconds
[2026-02-04T01:29:50.644+0000] {processor.py:156} INFO - Started process (PID=4899) to work on /opt/airflow/dags/crypto_dag.py
[2026-02-04T01:29:50.645+0000] {processor.py:799} INFO - Processing file /opt/airflow/dags/crypto_dag.py for tasks to queue
[2026-02-04T01:29:50.646+0000] {logging_mixin.py:149} INFO - [2026-02-04T01:29:50.646+0000] {dagbag.py:541} INFO - Filling up the DagBag from /opt/airflow/dags/crypto_dag.py
[2026-02-04T01:29:50.661+0000] {processor.py:809} INFO - DAG(s) dict_keys(['crypto_volatility_pipeline']) retrieved from /opt/airflow/dags/crypto_dag.py
[2026-02-04T01:29:50.686+0000] {logging_mixin.py:149} INFO - [2026-02-04T01:29:50.686+0000] {dag.py:2726} INFO - Sync 1 DAGs
[2026-02-04T01:29:50.699+0000] {logging_mixin.py:149} INFO - [2026-02-04T01:29:50.699+0000] {dag.py:3490} INFO - Setting next_dagrun for crypto_volatility_pipeline to 2026-02-04T01:25:00+00:00, run_after=2026-02-04T01:30:00+00:00
[2026-02-04T01:29:50.706+0000] {processor.py:178} INFO - Processing /opt/airflow/dags/crypto_dag.py took 0.067 seconds
[2026-02-04T01:30:20.937+0000] {processor.py:156} INFO - Started process (PID=4920) to work on /opt/airflow/dags/crypto_dag.py
[2026-02-04T01:30:20.938+0000] {processor.py:799} INFO - Processing file /opt/airflow/dags/crypto_dag.py for tasks to queue
[2026-02-04T01:30:20.938+0000] {logging_mixin.py:149} INFO - [2026-02-04T01:30:20.938+0000] {dagbag.py:541} INFO - Filling up the DagBag from /opt/airflow/dags/crypto_dag.py
[2026-02-04T01:30:20.952+0000] {processor.py:809} INFO - DAG(s) dict_keys(['crypto_volatility_pipeline']) retrieved from /opt/airflow/dags/crypto_dag.py
[2026-02-04T01:30:20.975+0000] {logging_mixin.py:149} INFO - [2026-02-04T01:30:20.975+0000] {dag.py:2726} INFO - Sync 1 DAGs
[2026-02-04T01:30:20.988+0000] {logging_mixin.py:149} INFO - [2026-02-04T01:30:20.988+0000] {dag.py:3490} INFO - Setting next_dagrun for crypto_volatility_pipeline to 2026-02-04T01:30:00+00:00, run_after=2026-02-04T01:35:00+00:00
[2026-02-04T01:30:20.995+0000] {processor.py:178} INFO - Processing /opt/airflow/dags/crypto_dag.py took 0.063 seconds
[2026-02-04T01:30:51.255+0000] {processor.py:156} INFO - Started process (PID=4921) to work on /opt/airflow/dags/crypto_dag.py
[2026-02-04T01:30:51.256+0000] {processor.py:799} INFO - Processing file /opt/airflow/dags/crypto_dag.py for tasks to queue
[2026-02-04T01:30:51.257+0000] {logging_mixin.py:149} INFO - [2026-02-04T01:30:51.257+0000] {dagbag.py:541} INFO - Filling up the DagBag from /opt/airflow/dags/crypto_dag.py
[2026-02-04T01:30:51.268+0000] {processor.py:809} INFO - DAG(s) dict_keys(['crypto_volatility_pipeline']) retrieved from /opt/airflow/dags/crypto_dag.py
[2026-02-04T01:30:51.290+0000] {logging_mixin.py:149} INFO - [2026-02-04T01:30:51.290+0000] {dag.py:2726} INFO - Sync 1 DAGs
[2026-02-04T01:30:51.305+0000] {logging_mixin.py:149} INFO - [2026-02-04T01:30:51.305+0000] {dag.py:3490} INFO - Setting next_dagrun for crypto_volatility_pipeline to 2026-02-04T01:30:00+00:00, run_after=2026-02-04T01:35:00+00:00
[2026-02-04T01:30:51.314+0000] {processor.py:178} INFO - Processing /opt/airflow/dags/crypto_dag.py took 0.065 seconds
[2026-02-04T01:31:21.550+0000] {processor.py:156} INFO - Started process (PID=4922) to work on /opt/airflow/dags/crypto_dag.py
[2026-02-04T01:31:21.550+0000] {processor.py:799} INFO - Processing file /opt/airflow/dags/crypto_dag.py for tasks to queue
[2026-02-04T01:31:21.551+0000] {logging_mixin.py:149} INFO - [2026-02-04T01:31:21.551+0000] {dagbag.py:541} INFO - Filling up the DagBag from /opt/airflow/dags/crypto_dag.py
[2026-02-04T01:31:21.564+0000] {processor.py:809} INFO - DAG(s) dict_keys(['crypto_volatility_pipeline']) retrieved from /opt/airflow/dags/crypto_dag.py
[2026-02-04T01:31:21.586+0000] {logging_mixin.py:149} INFO - [2026-02-04T01:31:21.586+0000] {dag.py:2726} INFO - Sync 1 DAGs
[2026-02-04T01:31:21.599+0000] {logging_mixin.py:149} INFO - [2026-02-04T01:31:21.599+0000] {dag.py:3490} INFO - Setting next_dagrun for crypto_volatility_pipeline to 2026-02-04T01:30:00+00:00, run_after=2026-02-04T01:35:00+00:00
[2026-02-04T01:31:21.670+0000] {processor.py:178} INFO - Processing /opt/airflow/dags/crypto_dag.py took 0.125 seconds
[2026-02-04T01:31:51.879+0000] {processor.py:156} INFO - Started process (PID=4923) to work on /opt/airflow/dags/crypto_dag.py
[2026-02-04T01:31:51.880+0000] {processor.py:799} INFO - Processing file /opt/airflow/dags/crypto_dag.py for tasks to queue
[2026-02-04T01:31:51.880+0000] {logging_mixin.py:149} INFO - [2026-02-04T01:31:51.880+0000] {dagbag.py:541} INFO - Filling up the DagBag from /opt/airflow/dags/crypto_dag.py
[2026-02-04T01:31:51.894+0000] {processor.py:809} INFO - DAG(s) dict_keys(['crypto_volatility_pipeline']) retrieved from /opt/airflow/dags/crypto_dag.py
[2026-02-04T01:31:51.918+0000] {logging_mixin.py:149} INFO - [2026-02-04T01:31:51.917+0000] {dag.py:2726} INFO - Sync 1 DAGs
[2026-02-04T01:31:51.932+0000] {logging_mixin.py:149} INFO - [2026-02-04T01:31:51.932+0000] {dag.py:3490} INFO - Setting next_dagrun for crypto_volatility_pipeline to 2026-02-04T01:30:00+00:00, run_after=2026-02-04T01:35:00+00:00
[2026-02-04T01:31:51.939+0000] {processor.py:178} INFO - Processing /opt/airflow/dags/crypto_dag.py took 0.066 seconds
[2026-02-04T01:32:22.247+0000] {processor.py:156} INFO - Started process (PID=4924) to work on /opt/airflow/dags/crypto_dag.py
[2026-02-04T01:32:22.249+0000] {processor.py:799} INFO - Processing file /opt/airflow/dags/crypto_dag.py for tasks to queue
[2026-02-04T01:32:22.250+0000] {logging_mixin.py:149} INFO - [2026-02-04T01:32:22.249+0000] {dagbag.py:541} INFO - Filling up the DagBag from /opt/airflow/dags/crypto_dag.py
[2026-02-04T01:32:22.261+0000] {processor.py:809} INFO - DAG(s) dict_keys(['crypto_volatility_pipeline']) retrieved from /opt/airflow/dags/crypto_dag.py
[2026-02-04T01:32:22.283+0000] {logging_mixin.py:149} INFO - [2026-02-04T01:32:22.282+0000] {dag.py:2726} INFO - Sync 1 DAGs
[2026-02-04T01:32:22.298+0000] {logging_mixin.py:149} INFO - [2026-02-04T01:32:22.298+0000] {dag.py:3490} INFO - Setting next_dagrun for crypto_volatility_pipeline to 2026-02-04T01:30:00+00:00, run_after=2026-02-04T01:35:00+00:00
[2026-02-04T01:32:22.306+0000] {processor.py:178} INFO - Processing /opt/airflow/dags/crypto_dag.py took 0.063 seconds
[2026-02-04T01:32:52.586+0000] {processor.py:156} INFO - Started process (PID=4925) to work on /opt/airflow/dags/crypto_dag.py
[2026-02-04T01:32:52.588+0000] {processor.py:799} INFO - Processing file /opt/airflow/dags/crypto_dag.py for tasks to queue
[2026-02-04T01:32:52.589+0000] {logging_mixin.py:149} INFO - [2026-02-04T01:32:52.589+0000] {dagbag.py:541} INFO - Filling up the DagBag from /opt/airflow/dags/crypto_dag.py
[2026-02-04T01:32:52.603+0000] {processor.py:809} INFO - DAG(s) dict_keys(['crypto_volatility_pipeline']) retrieved from /opt/airflow/dags/crypto_dag.py
[2026-02-04T01:32:52.627+0000] {logging_mixin.py:149} INFO - [2026-02-04T01:32:52.627+0000] {dag.py:2726} INFO - Sync 1 DAGs
[2026-02-04T01:32:52.642+0000] {logging_mixin.py:149} INFO - [2026-02-04T01:32:52.642+0000] {dag.py:3490} INFO - Setting next_dagrun for crypto_volatility_pipeline to 2026-02-04T01:30:00+00:00, run_after=2026-02-04T01:35:00+00:00
[2026-02-04T01:32:52.649+0000] {processor.py:178} INFO - Processing /opt/airflow/dags/crypto_dag.py took 0.069 seconds
[2026-02-04T01:33:22.911+0000] {processor.py:156} INFO - Started process (PID=4926) to work on /opt/airflow/dags/crypto_dag.py
[2026-02-04T01:33:22.912+0000] {processor.py:799} INFO - Processing file /opt/airflow/dags/crypto_dag.py for tasks to queue
[2026-02-04T01:33:22.912+0000] {logging_mixin.py:149} INFO - [2026-02-04T01:33:22.912+0000] {dagbag.py:541} INFO - Filling up the DagBag from /opt/airflow/dags/crypto_dag.py
[2026-02-04T01:33:22.927+0000] {processor.py:809} INFO - DAG(s) dict_keys(['crypto_volatility_pipeline']) retrieved from /opt/airflow/dags/crypto_dag.py
[2026-02-04T01:33:22.951+0000] {logging_mixin.py:149} INFO - [2026-02-04T01:33:22.951+0000] {dag.py:2726} INFO - Sync 1 DAGs
[2026-02-04T01:33:22.965+0000] {logging_mixin.py:149} INFO - [2026-02-04T01:33:22.965+0000] {dag.py:3490} INFO - Setting next_dagrun for crypto_volatility_pipeline to 2026-02-04T01:30:00+00:00, run_after=2026-02-04T01:35:00+00:00
[2026-02-04T01:33:22.972+0000] {processor.py:178} INFO - Processing /opt/airflow/dags/crypto_dag.py took 0.067 seconds
[2026-02-04T01:33:53.218+0000] {processor.py:156} INFO - Started process (PID=4927) to work on /opt/airflow/dags/crypto_dag.py
[2026-02-04T01:33:53.219+0000] {processor.py:799} INFO - Processing file /opt/airflow/dags/crypto_dag.py for tasks to queue
[2026-02-04T01:33:53.220+0000] {logging_mixin.py:149} INFO - [2026-02-04T01:33:53.219+0000] {dagbag.py:541} INFO - Filling up the DagBag from /opt/airflow/dags/crypto_dag.py
[2026-02-04T01:33:53.232+0000] {processor.py:809} INFO - DAG(s) dict_keys(['crypto_volatility_pipeline']) retrieved from /opt/airflow/dags/crypto_dag.py
[2026-02-04T01:33:53.252+0000] {logging_mixin.py:149} INFO - [2026-02-04T01:33:53.252+0000] {dag.py:2726} INFO - Sync 1 DAGs
[2026-02-04T01:33:53.265+0000] {logging_mixin.py:149} INFO - [2026-02-04T01:33:53.265+0000] {dag.py:3490} INFO - Setting next_dagrun for crypto_volatility_pipeline to 2026-02-04T01:30:00+00:00, run_after=2026-02-04T01:35:00+00:00
[2026-02-04T01:33:53.272+0000] {processor.py:178} INFO - Processing /opt/airflow/dags/crypto_dag.py took 0.060 seconds
[2026-02-04T01:34:23.554+0000] {processor.py:156} INFO - Started process (PID=4928) to work on /opt/airflow/dags/crypto_dag.py
[2026-02-04T01:34:23.555+0000] {processor.py:799} INFO - Processing file /opt/airflow/dags/crypto_dag.py for tasks to queue
[2026-02-04T01:34:23.556+0000] {logging_mixin.py:149} INFO - [2026-02-04T01:34:23.555+0000] {dagbag.py:541} INFO - Filling up the DagBag from /opt/airflow/dags/crypto_dag.py
[2026-02-04T01:34:23.569+0000] {processor.py:809} INFO - DAG(s) dict_keys(['crypto_volatility_pipeline']) retrieved from /opt/airflow/dags/crypto_dag.py
[2026-02-04T01:34:23.590+0000] {logging_mixin.py:149} INFO - [2026-02-04T01:34:23.590+0000] {dag.py:2726} INFO - Sync 1 DAGs
[2026-02-04T01:34:23.603+0000] {logging_mixin.py:149} INFO - [2026-02-04T01:34:23.603+0000] {dag.py:3490} INFO - Setting next_dagrun for crypto_volatility_pipeline to 2026-02-04T01:30:00+00:00, run_after=2026-02-04T01:35:00+00:00
[2026-02-04T01:34:23.683+0000] {processor.py:178} INFO - Processing /opt/airflow/dags/crypto_dag.py took 0.134 seconds
[2026-02-04T01:34:53.899+0000] {processor.py:156} INFO - Started process (PID=4929) to work on /opt/airflow/dags/crypto_dag.py
[2026-02-04T01:34:53.900+0000] {processor.py:799} INFO - Processing file /opt/airflow/dags/crypto_dag.py for tasks to queue
[2026-02-04T01:34:53.901+0000] {logging_mixin.py:149} INFO - [2026-02-04T01:34:53.901+0000] {dagbag.py:541} INFO - Filling up the DagBag from /opt/airflow/dags/crypto_dag.py
[2026-02-04T01:34:53.913+0000] {processor.py:809} INFO - DAG(s) dict_keys(['crypto_volatility_pipeline']) retrieved from /opt/airflow/dags/crypto_dag.py
[2026-02-04T01:34:53.933+0000] {logging_mixin.py:149} INFO - [2026-02-04T01:34:53.933+0000] {dag.py:2726} INFO - Sync 1 DAGs
[2026-02-04T01:34:53.947+0000] {logging_mixin.py:149} INFO - [2026-02-04T01:34:53.947+0000] {dag.py:3490} INFO - Setting next_dagrun for crypto_volatility_pipeline to 2026-02-04T01:30:00+00:00, run_after=2026-02-04T01:35:00+00:00
[2026-02-04T01:34:53.954+0000] {processor.py:178} INFO - Processing /opt/airflow/dags/crypto_dag.py took 0.059 seconds
[2026-02-04T01:35:24.247+0000] {processor.py:156} INFO - Started process (PID=4950) to work on /opt/airflow/dags/crypto_dag.py
[2026-02-04T01:35:24.248+0000] {processor.py:799} INFO - Processing file /opt/airflow/dags/crypto_dag.py for tasks to queue
[2026-02-04T01:35:24.249+0000] {logging_mixin.py:149} INFO - [2026-02-04T01:35:24.248+0000] {dagbag.py:541} INFO - Filling up the DagBag from /opt/airflow/dags/crypto_dag.py
[2026-02-04T01:35:24.265+0000] {processor.py:809} INFO - DAG(s) dict_keys(['crypto_volatility_pipeline']) retrieved from /opt/airflow/dags/crypto_dag.py
[2026-02-04T01:35:24.287+0000] {logging_mixin.py:149} INFO - [2026-02-04T01:35:24.287+0000] {dag.py:2726} INFO - Sync 1 DAGs
[2026-02-04T01:35:24.301+0000] {logging_mixin.py:149} INFO - [2026-02-04T01:35:24.301+0000] {dag.py:3490} INFO - Setting next_dagrun for crypto_volatility_pipeline to 2026-02-04T01:35:00+00:00, run_after=2026-02-04T01:40:00+00:00
[2026-02-04T01:35:24.309+0000] {processor.py:178} INFO - Processing /opt/airflow/dags/crypto_dag.py took 0.067 seconds
[2026-02-04T01:35:54.572+0000] {processor.py:156} INFO - Started process (PID=4951) to work on /opt/airflow/dags/crypto_dag.py
[2026-02-04T01:35:54.573+0000] {processor.py:799} INFO - Processing file /opt/airflow/dags/crypto_dag.py for tasks to queue
[2026-02-04T01:35:54.574+0000] {logging_mixin.py:149} INFO - [2026-02-04T01:35:54.574+0000] {dagbag.py:541} INFO - Filling up the DagBag from /opt/airflow/dags/crypto_dag.py
[2026-02-04T01:35:54.590+0000] {processor.py:809} INFO - DAG(s) dict_keys(['crypto_volatility_pipeline']) retrieved from /opt/airflow/dags/crypto_dag.py
[2026-02-04T01:35:54.611+0000] {logging_mixin.py:149} INFO - [2026-02-04T01:35:54.611+0000] {dag.py:2726} INFO - Sync 1 DAGs
[2026-02-04T01:35:54.625+0000] {logging_mixin.py:149} INFO - [2026-02-04T01:35:54.625+0000] {dag.py:3490} INFO - Setting next_dagrun for crypto_volatility_pipeline to 2026-02-04T01:35:00+00:00, run_after=2026-02-04T01:40:00+00:00
[2026-02-04T01:35:54.632+0000] {processor.py:178} INFO - Processing /opt/airflow/dags/crypto_dag.py took 0.066 seconds
[2026-02-04T01:36:24.879+0000] {processor.py:156} INFO - Started process (PID=4952) to work on /opt/airflow/dags/crypto_dag.py
[2026-02-04T01:36:24.880+0000] {processor.py:799} INFO - Processing file /opt/airflow/dags/crypto_dag.py for tasks to queue
[2026-02-04T01:36:24.881+0000] {logging_mixin.py:149} INFO - [2026-02-04T01:36:24.881+0000] {dagbag.py:541} INFO - Filling up the DagBag from /opt/airflow/dags/crypto_dag.py
[2026-02-04T01:36:24.894+0000] {processor.py:809} INFO - DAG(s) dict_keys(['crypto_volatility_pipeline']) retrieved from /opt/airflow/dags/crypto_dag.py
[2026-02-04T01:36:24.917+0000] {logging_mixin.py:149} INFO - [2026-02-04T01:36:24.917+0000] {dag.py:2726} INFO - Sync 1 DAGs
[2026-02-04T01:36:24.933+0000] {logging_mixin.py:149} INFO - [2026-02-04T01:36:24.933+0000] {dag.py:3490} INFO - Setting next_dagrun for crypto_volatility_pipeline to 2026-02-04T01:35:00+00:00, run_after=2026-02-04T01:40:00+00:00
[2026-02-04T01:36:24.942+0000] {processor.py:178} INFO - Processing /opt/airflow/dags/crypto_dag.py took 0.066 seconds
[2026-02-04T01:36:55.160+0000] {processor.py:156} INFO - Started process (PID=4953) to work on /opt/airflow/dags/crypto_dag.py
[2026-02-04T01:36:55.161+0000] {processor.py:799} INFO - Processing file /opt/airflow/dags/crypto_dag.py for tasks to queue
[2026-02-04T01:36:55.162+0000] {logging_mixin.py:149} INFO - [2026-02-04T01:36:55.162+0000] {dagbag.py:541} INFO - Filling up the DagBag from /opt/airflow/dags/crypto_dag.py
[2026-02-04T01:36:55.178+0000] {processor.py:809} INFO - DAG(s) dict_keys(['crypto_volatility_pipeline']) retrieved from /opt/airflow/dags/crypto_dag.py
[2026-02-04T01:36:55.201+0000] {logging_mixin.py:149} INFO - [2026-02-04T01:36:55.201+0000] {dag.py:2726} INFO - Sync 1 DAGs
[2026-02-04T01:36:55.215+0000] {logging_mixin.py:149} INFO - [2026-02-04T01:36:55.215+0000] {dag.py:3490} INFO - Setting next_dagrun for crypto_volatility_pipeline to 2026-02-04T01:35:00+00:00, run_after=2026-02-04T01:40:00+00:00
[2026-02-04T01:36:55.223+0000] {processor.py:178} INFO - Processing /opt/airflow/dags/crypto_dag.py took 0.069 seconds
[2026-02-04T01:37:25.488+0000] {processor.py:156} INFO - Started process (PID=4954) to work on /opt/airflow/dags/crypto_dag.py
[2026-02-04T01:37:25.489+0000] {processor.py:799} INFO - Processing file /opt/airflow/dags/crypto_dag.py for tasks to queue
[2026-02-04T01:37:25.489+0000] {logging_mixin.py:149} INFO - [2026-02-04T01:37:25.489+0000] {dagbag.py:541} INFO - Filling up the DagBag from /opt/airflow/dags/crypto_dag.py
[2026-02-04T01:37:25.503+0000] {processor.py:809} INFO - DAG(s) dict_keys(['crypto_volatility_pipeline']) retrieved from /opt/airflow/dags/crypto_dag.py
[2026-02-04T01:37:25.521+0000] {logging_mixin.py:149} INFO - [2026-02-04T01:37:25.521+0000] {dag.py:2726} INFO - Sync 1 DAGs
[2026-02-04T01:37:25.537+0000] {logging_mixin.py:149} INFO - [2026-02-04T01:37:25.537+0000] {dag.py:3490} INFO - Setting next_dagrun for crypto_volatility_pipeline to 2026-02-04T01:35:00+00:00, run_after=2026-02-04T01:40:00+00:00
[2026-02-04T01:37:25.629+0000] {processor.py:178} INFO - Processing /opt/airflow/dags/crypto_dag.py took 0.145 seconds
[2026-02-04T01:37:55.782+0000] {processor.py:156} INFO - Started process (PID=4955) to work on /opt/airflow/dags/crypto_dag.py
[2026-02-04T01:37:55.783+0000] {processor.py:799} INFO - Processing file /opt/airflow/dags/crypto_dag.py for tasks to queue
[2026-02-04T01:37:55.784+0000] {logging_mixin.py:149} INFO - [2026-02-04T01:37:55.784+0000] {dagbag.py:541} INFO - Filling up the DagBag from /opt/airflow/dags/crypto_dag.py
[2026-02-04T01:37:55.797+0000] {processor.py:809} INFO - DAG(s) dict_keys(['crypto_volatility_pipeline']) retrieved from /opt/airflow/dags/crypto_dag.py
[2026-02-04T01:37:55.819+0000] {logging_mixin.py:149} INFO - [2026-02-04T01:37:55.819+0000] {dag.py:2726} INFO - Sync 1 DAGs
[2026-02-04T01:37:55.884+0000] {logging_mixin.py:149} INFO - [2026-02-04T01:37:55.884+0000] {dag.py:3490} INFO - Setting next_dagrun for crypto_volatility_pipeline to 2026-02-04T01:35:00+00:00, run_after=2026-02-04T01:40:00+00:00
[2026-02-04T01:37:55.890+0000] {processor.py:178} INFO - Processing /opt/airflow/dags/crypto_dag.py took 0.113 seconds
[2026-02-04T01:38:26.221+0000] {processor.py:156} INFO - Started process (PID=4956) to work on /opt/airflow/dags/crypto_dag.py
[2026-02-04T01:38:26.222+0000] {processor.py:799} INFO - Processing file /opt/airflow/dags/crypto_dag.py for tasks to queue
[2026-02-04T01:38:26.223+0000] {logging_mixin.py:149} INFO - [2026-02-04T01:38:26.223+0000] {dagbag.py:541} INFO - Filling up the DagBag from /opt/airflow/dags/crypto_dag.py
[2026-02-04T01:38:26.234+0000] {processor.py:809} INFO - DAG(s) dict_keys(['crypto_volatility_pipeline']) retrieved from /opt/airflow/dags/crypto_dag.py
[2026-02-04T01:38:26.254+0000] {logging_mixin.py:149} INFO - [2026-02-04T01:38:26.254+0000] {dag.py:2726} INFO - Sync 1 DAGs
[2026-02-04T01:38:26.267+0000] {logging_mixin.py:149} INFO - [2026-02-04T01:38:26.267+0000] {dag.py:3490} INFO - Setting next_dagrun for crypto_volatility_pipeline to 2026-02-04T01:35:00+00:00, run_after=2026-02-04T01:40:00+00:00
[2026-02-04T01:38:26.274+0000] {processor.py:178} INFO - Processing /opt/airflow/dags/crypto_dag.py took 0.057 seconds
[2026-02-04T01:38:56.538+0000] {processor.py:156} INFO - Started process (PID=4957) to work on /opt/airflow/dags/crypto_dag.py
[2026-02-04T01:38:56.539+0000] {processor.py:799} INFO - Processing file /opt/airflow/dags/crypto_dag.py for tasks to queue
[2026-02-04T01:38:56.540+0000] {logging_mixin.py:149} INFO - [2026-02-04T01:38:56.539+0000] {dagbag.py:541} INFO - Filling up the DagBag from /opt/airflow/dags/crypto_dag.py
[2026-02-04T01:38:56.552+0000] {processor.py:809} INFO - DAG(s) dict_keys(['crypto_volatility_pipeline']) retrieved from /opt/airflow/dags/crypto_dag.py
[2026-02-04T01:38:56.573+0000] {logging_mixin.py:149} INFO - [2026-02-04T01:38:56.573+0000] {dag.py:2726} INFO - Sync 1 DAGs
[2026-02-04T01:38:56.585+0000] {logging_mixin.py:149} INFO - [2026-02-04T01:38:56.585+0000] {dag.py:3490} INFO - Setting next_dagrun for crypto_volatility_pipeline to 2026-02-04T01:35:00+00:00, run_after=2026-02-04T01:40:00+00:00
[2026-02-04T01:38:56.593+0000] {processor.py:178} INFO - Processing /opt/airflow/dags/crypto_dag.py took 0.059 seconds
[2026-02-04T01:39:26.886+0000] {processor.py:156} INFO - Started process (PID=4958) to work on /opt/airflow/dags/crypto_dag.py
[2026-02-04T01:39:26.887+0000] {processor.py:799} INFO - Processing file /opt/airflow/dags/crypto_dag.py for tasks to queue
[2026-02-04T01:39:26.888+0000] {logging_mixin.py:149} INFO - [2026-02-04T01:39:26.888+0000] {dagbag.py:541} INFO - Filling up the DagBag from /opt/airflow/dags/crypto_dag.py
[2026-02-04T01:39:26.901+0000] {processor.py:809} INFO - DAG(s) dict_keys(['crypto_volatility_pipeline']) retrieved from /opt/airflow/dags/crypto_dag.py
[2026-02-04T01:39:26.922+0000] {logging_mixin.py:149} INFO - [2026-02-04T01:39:26.922+0000] {dag.py:2726} INFO - Sync 1 DAGs
[2026-02-04T01:39:26.936+0000] {logging_mixin.py:149} INFO - [2026-02-04T01:39:26.936+0000] {dag.py:3490} INFO - Setting next_dagrun for crypto_volatility_pipeline to 2026-02-04T01:35:00+00:00, run_after=2026-02-04T01:40:00+00:00
[2026-02-04T01:39:26.943+0000] {processor.py:178} INFO - Processing /opt/airflow/dags/crypto_dag.py took 0.063 seconds
[2026-02-04T01:39:57.170+0000] {processor.py:156} INFO - Started process (PID=4959) to work on /opt/airflow/dags/crypto_dag.py
[2026-02-04T01:39:57.171+0000] {processor.py:799} INFO - Processing file /opt/airflow/dags/crypto_dag.py for tasks to queue
[2026-02-04T01:39:57.172+0000] {logging_mixin.py:149} INFO - [2026-02-04T01:39:57.172+0000] {dagbag.py:541} INFO - Filling up the DagBag from /opt/airflow/dags/crypto_dag.py
[2026-02-04T01:39:57.186+0000] {processor.py:809} INFO - DAG(s) dict_keys(['crypto_volatility_pipeline']) retrieved from /opt/airflow/dags/crypto_dag.py
[2026-02-04T01:39:57.206+0000] {logging_mixin.py:149} INFO - [2026-02-04T01:39:57.206+0000] {dag.py:2726} INFO - Sync 1 DAGs
[2026-02-04T01:39:57.219+0000] {logging_mixin.py:149} INFO - [2026-02-04T01:39:57.219+0000] {dag.py:3490} INFO - Setting next_dagrun for crypto_volatility_pipeline to 2026-02-04T01:35:00+00:00, run_after=2026-02-04T01:40:00+00:00
[2026-02-04T01:39:57.227+0000] {processor.py:178} INFO - Processing /opt/airflow/dags/crypto_dag.py took 0.061 seconds
[2026-02-04T01:40:27.425+0000] {processor.py:156} INFO - Started process (PID=4980) to work on /opt/airflow/dags/crypto_dag.py
[2026-02-04T01:40:27.426+0000] {processor.py:799} INFO - Processing file /opt/airflow/dags/crypto_dag.py for tasks to queue
[2026-02-04T01:40:27.427+0000] {logging_mixin.py:149} INFO - [2026-02-04T01:40:27.427+0000] {dagbag.py:541} INFO - Filling up the DagBag from /opt/airflow/dags/crypto_dag.py
[2026-02-04T01:40:27.442+0000] {processor.py:809} INFO - DAG(s) dict_keys(['crypto_volatility_pipeline']) retrieved from /opt/airflow/dags/crypto_dag.py
[2026-02-04T01:40:27.464+0000] {logging_mixin.py:149} INFO - [2026-02-04T01:40:27.464+0000] {dag.py:2726} INFO - Sync 1 DAGs
[2026-02-04T01:40:27.480+0000] {logging_mixin.py:149} INFO - [2026-02-04T01:40:27.480+0000] {dag.py:3490} INFO - Setting next_dagrun for crypto_volatility_pipeline to 2026-02-04T01:40:00+00:00, run_after=2026-02-04T01:45:00+00:00
[2026-02-04T01:40:27.551+0000] {processor.py:178} INFO - Processing /opt/airflow/dags/crypto_dag.py took 0.131 seconds
[2026-02-04T01:40:57.713+0000] {processor.py:156} INFO - Started process (PID=4981) to work on /opt/airflow/dags/crypto_dag.py
[2026-02-04T01:40:57.715+0000] {processor.py:799} INFO - Processing file /opt/airflow/dags/crypto_dag.py for tasks to queue
[2026-02-04T01:40:57.715+0000] {logging_mixin.py:149} INFO - [2026-02-04T01:40:57.715+0000] {dagbag.py:541} INFO - Filling up the DagBag from /opt/airflow/dags/crypto_dag.py
[2026-02-04T01:40:57.739+0000] {processor.py:809} INFO - DAG(s) dict_keys(['crypto_volatility_pipeline']) retrieved from /opt/airflow/dags/crypto_dag.py
[2026-02-04T01:40:57.760+0000] {logging_mixin.py:149} INFO - [2026-02-04T01:40:57.760+0000] {dag.py:2726} INFO - Sync 1 DAGs
[2026-02-04T01:40:57.775+0000] {logging_mixin.py:149} INFO - [2026-02-04T01:40:57.775+0000] {dag.py:3490} INFO - Setting next_dagrun for crypto_volatility_pipeline to 2026-02-04T01:40:00+00:00, run_after=2026-02-04T01:45:00+00:00
[2026-02-04T01:40:57.782+0000] {processor.py:178} INFO - Processing /opt/airflow/dags/crypto_dag.py took 0.075 seconds
[2026-02-04T01:41:28.044+0000] {processor.py:156} INFO - Started process (PID=4982) to work on /opt/airflow/dags/crypto_dag.py
[2026-02-04T01:41:28.045+0000] {processor.py:799} INFO - Processing file /opt/airflow/dags/crypto_dag.py for tasks to queue
[2026-02-04T01:41:28.046+0000] {logging_mixin.py:149} INFO - [2026-02-04T01:41:28.046+0000] {dagbag.py:541} INFO - Filling up the DagBag from /opt/airflow/dags/crypto_dag.py
[2026-02-04T01:41:28.057+0000] {processor.py:809} INFO - DAG(s) dict_keys(['crypto_volatility_pipeline']) retrieved from /opt/airflow/dags/crypto_dag.py
[2026-02-04T01:41:28.072+0000] {logging_mixin.py:149} INFO - [2026-02-04T01:41:28.072+0000] {dag.py:2726} INFO - Sync 1 DAGs
[2026-02-04T01:41:28.091+0000] {logging_mixin.py:149} INFO - [2026-02-04T01:41:28.091+0000] {dag.py:3490} INFO - Setting next_dagrun for crypto_volatility_pipeline to 2026-02-04T01:40:00+00:00, run_after=2026-02-04T01:45:00+00:00
[2026-02-04T01:41:28.100+0000] {processor.py:178} INFO - Processing /opt/airflow/dags/crypto_dag.py took 0.060 seconds
[2026-02-04T01:41:58.377+0000] {processor.py:156} INFO - Started process (PID=4983) to work on /opt/airflow/dags/crypto_dag.py
[2026-02-04T01:41:58.377+0000] {processor.py:799} INFO - Processing file /opt/airflow/dags/crypto_dag.py for tasks to queue
[2026-02-04T01:41:58.378+0000] {logging_mixin.py:149} INFO - [2026-02-04T01:41:58.378+0000] {dagbag.py:541} INFO - Filling up the DagBag from /opt/airflow/dags/crypto_dag.py
[2026-02-04T01:41:58.392+0000] {processor.py:809} INFO - DAG(s) dict_keys(['crypto_volatility_pipeline']) retrieved from /opt/airflow/dags/crypto_dag.py
[2026-02-04T01:41:58.416+0000] {logging_mixin.py:149} INFO - [2026-02-04T01:41:58.416+0000] {dag.py:2726} INFO - Sync 1 DAGs
[2026-02-04T01:41:58.431+0000] {logging_mixin.py:149} INFO - [2026-02-04T01:41:58.431+0000] {dag.py:3490} INFO - Setting next_dagrun for crypto_volatility_pipeline to 2026-02-04T01:40:00+00:00, run_after=2026-02-04T01:45:00+00:00
[2026-02-04T01:41:58.439+0000] {processor.py:178} INFO - Processing /opt/airflow/dags/crypto_dag.py took 0.068 seconds
[2026-02-04T01:42:28.666+0000] {processor.py:156} INFO - Started process (PID=4984) to work on /opt/airflow/dags/crypto_dag.py
[2026-02-04T01:42:28.666+0000] {processor.py:799} INFO - Processing file /opt/airflow/dags/crypto_dag.py for tasks to queue
[2026-02-04T01:42:28.667+0000] {logging_mixin.py:149} INFO - [2026-02-04T01:42:28.667+0000] {dagbag.py:541} INFO - Filling up the DagBag from /opt/airflow/dags/crypto_dag.py
[2026-02-04T01:42:28.681+0000] {processor.py:809} INFO - DAG(s) dict_keys(['crypto_volatility_pipeline']) retrieved from /opt/airflow/dags/crypto_dag.py
[2026-02-04T01:42:28.698+0000] {logging_mixin.py:149} INFO - [2026-02-04T01:42:28.698+0000] {dag.py:2726} INFO - Sync 1 DAGs
[2026-02-04T01:42:28.711+0000] {logging_mixin.py:149} INFO - [2026-02-04T01:42:28.711+0000] {dag.py:3490} INFO - Setting next_dagrun for crypto_volatility_pipeline to 2026-02-04T01:40:00+00:00, run_after=2026-02-04T01:45:00+00:00
[2026-02-04T01:42:28.718+0000] {processor.py:178} INFO - Processing /opt/airflow/dags/crypto_dag.py took 0.059 seconds
[2026-02-04T01:42:58.961+0000] {processor.py:156} INFO - Started process (PID=4985) to work on /opt/airflow/dags/crypto_dag.py
[2026-02-04T01:42:58.962+0000] {processor.py:799} INFO - Processing file /opt/airflow/dags/crypto_dag.py for tasks to queue
[2026-02-04T01:42:58.963+0000] {logging_mixin.py:149} INFO - [2026-02-04T01:42:58.963+0000] {dagbag.py:541} INFO - Filling up the DagBag from /opt/airflow/dags/crypto_dag.py
[2026-02-04T01:42:58.974+0000] {processor.py:809} INFO - DAG(s) dict_keys(['crypto_volatility_pipeline']) retrieved from /opt/airflow/dags/crypto_dag.py
[2026-02-04T01:42:58.991+0000] {logging_mixin.py:149} INFO - [2026-02-04T01:42:58.991+0000] {dag.py:2726} INFO - Sync 1 DAGs
[2026-02-04T01:42:59.003+0000] {logging_mixin.py:149} INFO - [2026-02-04T01:42:59.003+0000] {dag.py:3490} INFO - Setting next_dagrun for crypto_volatility_pipeline to 2026-02-04T01:40:00+00:00, run_after=2026-02-04T01:45:00+00:00
[2026-02-04T01:42:59.011+0000] {processor.py:178} INFO - Processing /opt/airflow/dags/crypto_dag.py took 0.056 seconds
[2026-02-04T01:43:29.257+0000] {processor.py:156} INFO - Started process (PID=4986) to work on /opt/airflow/dags/crypto_dag.py
[2026-02-04T01:43:29.258+0000] {processor.py:799} INFO - Processing file /opt/airflow/dags/crypto_dag.py for tasks to queue
[2026-02-04T01:43:29.258+0000] {logging_mixin.py:149} INFO - [2026-02-04T01:43:29.258+0000] {dagbag.py:541} INFO - Filling up the DagBag from /opt/airflow/dags/crypto_dag.py
[2026-02-04T01:43:29.269+0000] {processor.py:809} INFO - DAG(s) dict_keys(['crypto_volatility_pipeline']) retrieved from /opt/airflow/dags/crypto_dag.py
[2026-02-04T01:43:29.284+0000] {logging_mixin.py:149} INFO - [2026-02-04T01:43:29.284+0000] {dag.py:2726} INFO - Sync 1 DAGs
[2026-02-04T01:43:29.298+0000] {logging_mixin.py:149} INFO - [2026-02-04T01:43:29.298+0000] {dag.py:3490} INFO - Setting next_dagrun for crypto_volatility_pipeline to 2026-02-04T01:40:00+00:00, run_after=2026-02-04T01:45:00+00:00
[2026-02-04T01:43:29.411+0000] {processor.py:178} INFO - Processing /opt/airflow/dags/crypto_dag.py took 0.157 seconds
[2026-02-04T01:43:59.518+0000] {processor.py:156} INFO - Started process (PID=4987) to work on /opt/airflow/dags/crypto_dag.py
[2026-02-04T01:43:59.519+0000] {processor.py:799} INFO - Processing file /opt/airflow/dags/crypto_dag.py for tasks to queue
[2026-02-04T01:43:59.520+0000] {logging_mixin.py:149} INFO - [2026-02-04T01:43:59.519+0000] {dagbag.py:541} INFO - Filling up the DagBag from /opt/airflow/dags/crypto_dag.py
[2026-02-04T01:43:59.531+0000] {processor.py:809} INFO - DAG(s) dict_keys(['crypto_volatility_pipeline']) retrieved from /opt/airflow/dags/crypto_dag.py
[2026-02-04T01:43:59.549+0000] {logging_mixin.py:149} INFO - [2026-02-04T01:43:59.549+0000] {dag.py:2726} INFO - Sync 1 DAGs
[2026-02-04T01:43:59.608+0000] {logging_mixin.py:149} INFO - [2026-02-04T01:43:59.607+0000] {dag.py:3490} INFO - Setting next_dagrun for crypto_volatility_pipeline to 2026-02-04T01:40:00+00:00, run_after=2026-02-04T01:45:00+00:00
[2026-02-04T01:43:59.613+0000] {processor.py:178} INFO - Processing /opt/airflow/dags/crypto_dag.py took 0.100 seconds
[2026-02-04T01:44:29.834+0000] {processor.py:156} INFO - Started process (PID=4988) to work on /opt/airflow/dags/crypto_dag.py
[2026-02-04T01:44:29.835+0000] {processor.py:799} INFO - Processing file /opt/airflow/dags/crypto_dag.py for tasks to queue
[2026-02-04T01:44:29.835+0000] {logging_mixin.py:149} INFO - [2026-02-04T01:44:29.835+0000] {dagbag.py:541} INFO - Filling up the DagBag from /opt/airflow/dags/crypto_dag.py
[2026-02-04T01:44:29.846+0000] {processor.py:809} INFO - DAG(s) dict_keys(['crypto_volatility_pipeline']) retrieved from /opt/airflow/dags/crypto_dag.py
[2026-02-04T01:44:29.863+0000] {logging_mixin.py:149} INFO - [2026-02-04T01:44:29.863+0000] {dag.py:2726} INFO - Sync 1 DAGs
[2026-02-04T01:44:29.876+0000] {logging_mixin.py:149} INFO - [2026-02-04T01:44:29.876+0000] {dag.py:3490} INFO - Setting next_dagrun for crypto_volatility_pipeline to 2026-02-04T01:40:00+00:00, run_after=2026-02-04T01:45:00+00:00
[2026-02-04T01:44:29.883+0000] {processor.py:178} INFO - Processing /opt/airflow/dags/crypto_dag.py took 0.053 seconds
[2026-02-04T01:45:00.145+0000] {processor.py:156} INFO - Started process (PID=4989) to work on /opt/airflow/dags/crypto_dag.py
[2026-02-04T01:45:00.146+0000] {processor.py:799} INFO - Processing file /opt/airflow/dags/crypto_dag.py for tasks to queue
[2026-02-04T01:45:00.146+0000] {logging_mixin.py:149} INFO - [2026-02-04T01:45:00.146+0000] {dagbag.py:541} INFO - Filling up the DagBag from /opt/airflow/dags/crypto_dag.py
[2026-02-04T01:45:00.158+0000] {processor.py:809} INFO - DAG(s) dict_keys(['crypto_volatility_pipeline']) retrieved from /opt/airflow/dags/crypto_dag.py
[2026-02-04T01:45:00.175+0000] {logging_mixin.py:149} INFO - [2026-02-04T01:45:00.175+0000] {dag.py:2726} INFO - Sync 1 DAGs
[2026-02-04T01:45:00.189+0000] {logging_mixin.py:149} INFO - [2026-02-04T01:45:00.189+0000] {dag.py:3490} INFO - Setting next_dagrun for crypto_volatility_pipeline to 2026-02-04T01:45:00+00:00, run_after=2026-02-04T01:50:00+00:00
[2026-02-04T01:45:00.196+0000] {processor.py:178} INFO - Processing /opt/airflow/dags/crypto_dag.py took 0.055 seconds
[2026-02-04T01:45:30.444+0000] {processor.py:156} INFO - Started process (PID=5010) to work on /opt/airflow/dags/crypto_dag.py
[2026-02-04T01:45:30.445+0000] {processor.py:799} INFO - Processing file /opt/airflow/dags/crypto_dag.py for tasks to queue
[2026-02-04T01:45:30.446+0000] {logging_mixin.py:149} INFO - [2026-02-04T01:45:30.446+0000] {dagbag.py:541} INFO - Filling up the DagBag from /opt/airflow/dags/crypto_dag.py
[2026-02-04T01:45:30.457+0000] {processor.py:809} INFO - DAG(s) dict_keys(['crypto_volatility_pipeline']) retrieved from /opt/airflow/dags/crypto_dag.py
[2026-02-04T01:45:30.474+0000] {logging_mixin.py:149} INFO - [2026-02-04T01:45:30.474+0000] {dag.py:2726} INFO - Sync 1 DAGs
[2026-02-04T01:45:30.488+0000] {logging_mixin.py:149} INFO - [2026-02-04T01:45:30.488+0000] {dag.py:3490} INFO - Setting next_dagrun for crypto_volatility_pipeline to 2026-02-04T01:45:00+00:00, run_after=2026-02-04T01:50:00+00:00
[2026-02-04T01:45:30.495+0000] {processor.py:178} INFO - Processing /opt/airflow/dags/crypto_dag.py took 0.054 seconds
[2026-02-04T01:46:00.764+0000] {processor.py:156} INFO - Started process (PID=5011) to work on /opt/airflow/dags/crypto_dag.py
[2026-02-04T01:46:00.765+0000] {processor.py:799} INFO - Processing file /opt/airflow/dags/crypto_dag.py for tasks to queue
[2026-02-04T01:46:00.765+0000] {logging_mixin.py:149} INFO - [2026-02-04T01:46:00.765+0000] {dagbag.py:541} INFO - Filling up the DagBag from /opt/airflow/dags/crypto_dag.py
[2026-02-04T01:46:00.781+0000] {processor.py:809} INFO - DAG(s) dict_keys(['crypto_volatility_pipeline']) retrieved from /opt/airflow/dags/crypto_dag.py
[2026-02-04T01:46:00.804+0000] {logging_mixin.py:149} INFO - [2026-02-04T01:46:00.804+0000] {dag.py:2726} INFO - Sync 1 DAGs
[2026-02-04T01:46:00.818+0000] {logging_mixin.py:149} INFO - [2026-02-04T01:46:00.818+0000] {dag.py:3490} INFO - Setting next_dagrun for crypto_volatility_pipeline to 2026-02-04T01:45:00+00:00, run_after=2026-02-04T01:50:00+00:00
[2026-02-04T01:46:00.826+0000] {processor.py:178} INFO - Processing /opt/airflow/dags/crypto_dag.py took 0.068 seconds
[2026-02-04T01:46:31.086+0000] {processor.py:156} INFO - Started process (PID=5012) to work on /opt/airflow/dags/crypto_dag.py
[2026-02-04T01:46:31.087+0000] {processor.py:799} INFO - Processing file /opt/airflow/dags/crypto_dag.py for tasks to queue
[2026-02-04T01:46:31.088+0000] {logging_mixin.py:149} INFO - [2026-02-04T01:46:31.088+0000] {dagbag.py:541} INFO - Filling up the DagBag from /opt/airflow/dags/crypto_dag.py
[2026-02-04T01:46:31.101+0000] {processor.py:809} INFO - DAG(s) dict_keys(['crypto_volatility_pipeline']) retrieved from /opt/airflow/dags/crypto_dag.py
[2026-02-04T01:46:31.122+0000] {logging_mixin.py:149} INFO - [2026-02-04T01:46:31.122+0000] {dag.py:2726} INFO - Sync 1 DAGs
[2026-02-04T01:46:31.136+0000] {logging_mixin.py:149} INFO - [2026-02-04T01:46:31.136+0000] {dag.py:3490} INFO - Setting next_dagrun for crypto_volatility_pipeline to 2026-02-04T01:45:00+00:00, run_after=2026-02-04T01:50:00+00:00
[2026-02-04T01:46:31.208+0000] {processor.py:178} INFO - Processing /opt/airflow/dags/crypto_dag.py took 0.128 seconds
[2026-02-04T01:47:01.405+0000] {processor.py:156} INFO - Started process (PID=5013) to work on /opt/airflow/dags/crypto_dag.py
[2026-02-04T01:47:01.406+0000] {processor.py:799} INFO - Processing file /opt/airflow/dags/crypto_dag.py for tasks to queue
[2026-02-04T01:47:01.407+0000] {logging_mixin.py:149} INFO - [2026-02-04T01:47:01.407+0000] {dagbag.py:541} INFO - Filling up the DagBag from /opt/airflow/dags/crypto_dag.py
[2026-02-04T01:47:01.420+0000] {processor.py:809} INFO - DAG(s) dict_keys(['crypto_volatility_pipeline']) retrieved from /opt/airflow/dags/crypto_dag.py
[2026-02-04T01:47:01.441+0000] {logging_mixin.py:149} INFO - [2026-02-04T01:47:01.441+0000] {dag.py:2726} INFO - Sync 1 DAGs
[2026-02-04T01:47:01.504+0000] {logging_mixin.py:149} INFO - [2026-02-04T01:47:01.503+0000] {dag.py:3490} INFO - Setting next_dagrun for crypto_volatility_pipeline to 2026-02-04T01:45:00+00:00, run_after=2026-02-04T01:50:00+00:00
[2026-02-04T01:47:01.510+0000] {processor.py:178} INFO - Processing /opt/airflow/dags/crypto_dag.py took 0.109 seconds
[2026-02-04T01:47:31.750+0000] {processor.py:156} INFO - Started process (PID=5014) to work on /opt/airflow/dags/crypto_dag.py
[2026-02-04T01:47:31.751+0000] {processor.py:799} INFO - Processing file /opt/airflow/dags/crypto_dag.py for tasks to queue
[2026-02-04T01:47:31.751+0000] {logging_mixin.py:149} INFO - [2026-02-04T01:47:31.751+0000] {dagbag.py:541} INFO - Filling up the DagBag from /opt/airflow/dags/crypto_dag.py
[2026-02-04T01:47:31.762+0000] {processor.py:809} INFO - DAG(s) dict_keys(['crypto_volatility_pipeline']) retrieved from /opt/airflow/dags/crypto_dag.py
[2026-02-04T01:47:31.781+0000] {logging_mixin.py:149} INFO - [2026-02-04T01:47:31.780+0000] {dag.py:2726} INFO - Sync 1 DAGs
[2026-02-04T01:47:31.793+0000] {logging_mixin.py:149} INFO - [2026-02-04T01:47:31.793+0000] {dag.py:3490} INFO - Setting next_dagrun for crypto_volatility_pipeline to 2026-02-04T01:45:00+00:00, run_after=2026-02-04T01:50:00+00:00
[2026-02-04T01:47:31.800+0000] {processor.py:178} INFO - Processing /opt/airflow/dags/crypto_dag.py took 0.055 seconds
[2026-02-04T01:48:02.074+0000] {processor.py:156} INFO - Started process (PID=5015) to work on /opt/airflow/dags/crypto_dag.py
[2026-02-04T01:48:02.075+0000] {processor.py:799} INFO - Processing file /opt/airflow/dags/crypto_dag.py for tasks to queue
[2026-02-04T01:48:02.076+0000] {logging_mixin.py:149} INFO - [2026-02-04T01:48:02.076+0000] {dagbag.py:541} INFO - Filling up the DagBag from /opt/airflow/dags/crypto_dag.py
[2026-02-04T01:48:02.088+0000] {processor.py:809} INFO - DAG(s) dict_keys(['crypto_volatility_pipeline']) retrieved from /opt/airflow/dags/crypto_dag.py
[2026-02-04T01:48:02.107+0000] {logging_mixin.py:149} INFO - [2026-02-04T01:48:02.107+0000] {dag.py:2726} INFO - Sync 1 DAGs
[2026-02-04T01:48:02.120+0000] {logging_mixin.py:149} INFO - [2026-02-04T01:48:02.120+0000] {dag.py:3490} INFO - Setting next_dagrun for crypto_volatility_pipeline to 2026-02-04T01:45:00+00:00, run_after=2026-02-04T01:50:00+00:00
[2026-02-04T01:48:02.127+0000] {processor.py:178} INFO - Processing /opt/airflow/dags/crypto_dag.py took 0.057 seconds
[2026-02-04T01:48:32.397+0000] {processor.py:156} INFO - Started process (PID=5016) to work on /opt/airflow/dags/crypto_dag.py
[2026-02-04T01:48:32.398+0000] {processor.py:799} INFO - Processing file /opt/airflow/dags/crypto_dag.py for tasks to queue
[2026-02-04T01:48:32.399+0000] {logging_mixin.py:149} INFO - [2026-02-04T01:48:32.399+0000] {dagbag.py:541} INFO - Filling up the DagBag from /opt/airflow/dags/crypto_dag.py
[2026-02-04T01:48:32.410+0000] {processor.py:809} INFO - DAG(s) dict_keys(['crypto_volatility_pipeline']) retrieved from /opt/airflow/dags/crypto_dag.py
[2026-02-04T01:48:32.428+0000] {logging_mixin.py:149} INFO - [2026-02-04T01:48:32.428+0000] {dag.py:2726} INFO - Sync 1 DAGs
[2026-02-04T01:48:32.441+0000] {logging_mixin.py:149} INFO - [2026-02-04T01:48:32.441+0000] {dag.py:3490} INFO - Setting next_dagrun for crypto_volatility_pipeline to 2026-02-04T01:45:00+00:00, run_after=2026-02-04T01:50:00+00:00
[2026-02-04T01:48:32.447+0000] {processor.py:178} INFO - Processing /opt/airflow/dags/crypto_dag.py took 0.054 seconds
[2026-02-04T01:49:02.692+0000] {processor.py:156} INFO - Started process (PID=5017) to work on /opt/airflow/dags/crypto_dag.py
[2026-02-04T01:49:02.693+0000] {processor.py:799} INFO - Processing file /opt/airflow/dags/crypto_dag.py for tasks to queue
[2026-02-04T01:49:02.695+0000] {logging_mixin.py:149} INFO - [2026-02-04T01:49:02.695+0000] {dagbag.py:541} INFO - Filling up the DagBag from /opt/airflow/dags/crypto_dag.py
[2026-02-04T01:49:02.707+0000] {processor.py:809} INFO - DAG(s) dict_keys(['crypto_volatility_pipeline']) retrieved from /opt/airflow/dags/crypto_dag.py
[2026-02-04T01:49:02.728+0000] {logging_mixin.py:149} INFO - [2026-02-04T01:49:02.728+0000] {dag.py:2726} INFO - Sync 1 DAGs
[2026-02-04T01:49:02.741+0000] {logging_mixin.py:149} INFO - [2026-02-04T01:49:02.741+0000] {dag.py:3490} INFO - Setting next_dagrun for crypto_volatility_pipeline to 2026-02-04T01:45:00+00:00, run_after=2026-02-04T01:50:00+00:00
[2026-02-04T01:49:02.749+0000] {processor.py:178} INFO - Processing /opt/airflow/dags/crypto_dag.py took 0.060 seconds
[2026-02-04T01:49:33.015+0000] {processor.py:156} INFO - Started process (PID=5018) to work on /opt/airflow/dags/crypto_dag.py
[2026-02-04T01:49:33.016+0000] {processor.py:799} INFO - Processing file /opt/airflow/dags/crypto_dag.py for tasks to queue
[2026-02-04T01:49:33.016+0000] {logging_mixin.py:149} INFO - [2026-02-04T01:49:33.016+0000] {dagbag.py:541} INFO - Filling up the DagBag from /opt/airflow/dags/crypto_dag.py
[2026-02-04T01:49:33.028+0000] {processor.py:809} INFO - DAG(s) dict_keys(['crypto_volatility_pipeline']) retrieved from /opt/airflow/dags/crypto_dag.py
[2026-02-04T01:49:33.043+0000] {logging_mixin.py:149} INFO - [2026-02-04T01:49:33.043+0000] {dag.py:2726} INFO - Sync 1 DAGs
[2026-02-04T01:49:33.110+0000] {logging_mixin.py:149} INFO - [2026-02-04T01:49:33.110+0000] {dag.py:3490} INFO - Setting next_dagrun for crypto_volatility_pipeline to 2026-02-04T01:45:00+00:00, run_after=2026-02-04T01:50:00+00:00
[2026-02-04T01:49:33.117+0000] {processor.py:178} INFO - Processing /opt/airflow/dags/crypto_dag.py took 0.105 seconds
[2026-02-04T01:50:03.301+0000] {processor.py:156} INFO - Started process (PID=5037) to work on /opt/airflow/dags/crypto_dag.py
[2026-02-04T01:50:03.302+0000] {processor.py:799} INFO - Processing file /opt/airflow/dags/crypto_dag.py for tasks to queue
[2026-02-04T01:50:03.303+0000] {logging_mixin.py:149} INFO - [2026-02-04T01:50:03.303+0000] {dagbag.py:541} INFO - Filling up the DagBag from /opt/airflow/dags/crypto_dag.py
[2026-02-04T01:50:03.325+0000] {processor.py:809} INFO - DAG(s) dict_keys(['crypto_volatility_pipeline']) retrieved from /opt/airflow/dags/crypto_dag.py
[2026-02-04T01:50:03.345+0000] {logging_mixin.py:149} INFO - [2026-02-04T01:50:03.345+0000] {dag.py:2726} INFO - Sync 1 DAGs
[2026-02-04T01:50:03.361+0000] {logging_mixin.py:149} INFO - [2026-02-04T01:50:03.361+0000] {dag.py:3490} INFO - Setting next_dagrun for crypto_volatility_pipeline to 2026-02-04T01:50:00+00:00, run_after=2026-02-04T01:55:00+00:00
[2026-02-04T01:50:03.370+0000] {processor.py:178} INFO - Processing /opt/airflow/dags/crypto_dag.py took 0.075 seconds
[2026-02-04T01:50:33.663+0000] {processor.py:156} INFO - Started process (PID=5040) to work on /opt/airflow/dags/crypto_dag.py
[2026-02-04T01:50:33.664+0000] {processor.py:799} INFO - Processing file /opt/airflow/dags/crypto_dag.py for tasks to queue
[2026-02-04T01:50:33.665+0000] {logging_mixin.py:149} INFO - [2026-02-04T01:50:33.665+0000] {dagbag.py:541} INFO - Filling up the DagBag from /opt/airflow/dags/crypto_dag.py
[2026-02-04T01:50:33.677+0000] {processor.py:809} INFO - DAG(s) dict_keys(['crypto_volatility_pipeline']) retrieved from /opt/airflow/dags/crypto_dag.py
[2026-02-04T01:50:33.696+0000] {logging_mixin.py:149} INFO - [2026-02-04T01:50:33.696+0000] {dag.py:2726} INFO - Sync 1 DAGs
[2026-02-04T01:50:33.709+0000] {logging_mixin.py:149} INFO - [2026-02-04T01:50:33.709+0000] {dag.py:3490} INFO - Setting next_dagrun for crypto_volatility_pipeline to 2026-02-04T01:50:00+00:00, run_after=2026-02-04T01:55:00+00:00
[2026-02-04T01:50:33.716+0000] {processor.py:178} INFO - Processing /opt/airflow/dags/crypto_dag.py took 0.059 seconds
[2026-02-04T01:51:03.988+0000] {processor.py:156} INFO - Started process (PID=5041) to work on /opt/airflow/dags/crypto_dag.py
[2026-02-04T01:51:03.989+0000] {processor.py:799} INFO - Processing file /opt/airflow/dags/crypto_dag.py for tasks to queue
[2026-02-04T01:51:03.990+0000] {logging_mixin.py:149} INFO - [2026-02-04T01:51:03.990+0000] {dagbag.py:541} INFO - Filling up the DagBag from /opt/airflow/dags/crypto_dag.py
[2026-02-04T01:51:03.998+0000] {processor.py:809} INFO - DAG(s) dict_keys(['crypto_volatility_pipeline']) retrieved from /opt/airflow/dags/crypto_dag.py
[2026-02-04T01:51:04.015+0000] {logging_mixin.py:149} INFO - [2026-02-04T01:51:04.015+0000] {dag.py:2726} INFO - Sync 1 DAGs
[2026-02-04T01:51:04.034+0000] {logging_mixin.py:149} INFO - [2026-02-04T01:51:04.034+0000] {dag.py:3490} INFO - Setting next_dagrun for crypto_volatility_pipeline to 2026-02-04T01:50:00+00:00, run_after=2026-02-04T01:55:00+00:00
[2026-02-04T01:51:04.050+0000] {processor.py:178} INFO - Processing /opt/airflow/dags/crypto_dag.py took 0.065 seconds
[2026-02-04T01:51:34.280+0000] {processor.py:156} INFO - Started process (PID=5042) to work on /opt/airflow/dags/crypto_dag.py
[2026-02-04T01:51:34.281+0000] {processor.py:799} INFO - Processing file /opt/airflow/dags/crypto_dag.py for tasks to queue
[2026-02-04T01:51:34.282+0000] {logging_mixin.py:149} INFO - [2026-02-04T01:51:34.282+0000] {dagbag.py:541} INFO - Filling up the DagBag from /opt/airflow/dags/crypto_dag.py
[2026-02-04T01:51:34.291+0000] {processor.py:809} INFO - DAG(s) dict_keys(['crypto_volatility_pipeline']) retrieved from /opt/airflow/dags/crypto_dag.py
[2026-02-04T01:51:34.309+0000] {logging_mixin.py:149} INFO - [2026-02-04T01:51:34.308+0000] {dag.py:2726} INFO - Sync 1 DAGs
[2026-02-04T01:51:34.322+0000] {logging_mixin.py:149} INFO - [2026-02-04T01:51:34.322+0000] {dag.py:3490} INFO - Setting next_dagrun for crypto_volatility_pipeline to 2026-02-04T01:50:00+00:00, run_after=2026-02-04T01:55:00+00:00
[2026-02-04T01:51:34.329+0000] {processor.py:178} INFO - Processing /opt/airflow/dags/crypto_dag.py took 0.052 seconds
[2026-02-04T01:52:04.565+0000] {processor.py:156} INFO - Started process (PID=5043) to work on /opt/airflow/dags/crypto_dag.py
[2026-02-04T01:52:04.566+0000] {processor.py:799} INFO - Processing file /opt/airflow/dags/crypto_dag.py for tasks to queue
[2026-02-04T01:52:04.567+0000] {logging_mixin.py:149} INFO - [2026-02-04T01:52:04.567+0000] {dagbag.py:541} INFO - Filling up the DagBag from /opt/airflow/dags/crypto_dag.py
[2026-02-04T01:52:04.578+0000] {processor.py:809} INFO - DAG(s) dict_keys(['crypto_volatility_pipeline']) retrieved from /opt/airflow/dags/crypto_dag.py
[2026-02-04T01:52:04.597+0000] {logging_mixin.py:149} INFO - [2026-02-04T01:52:04.597+0000] {dag.py:2726} INFO - Sync 1 DAGs
[2026-02-04T01:52:04.610+0000] {logging_mixin.py:149} INFO - [2026-02-04T01:52:04.610+0000] {dag.py:3490} INFO - Setting next_dagrun for crypto_volatility_pipeline to 2026-02-04T01:50:00+00:00, run_after=2026-02-04T01:55:00+00:00
[2026-02-04T01:52:04.617+0000] {processor.py:178} INFO - Processing /opt/airflow/dags/crypto_dag.py took 0.058 seconds
[2026-02-04T01:52:34.892+0000] {processor.py:156} INFO - Started process (PID=5044) to work on /opt/airflow/dags/crypto_dag.py
[2026-02-04T01:52:34.893+0000] {processor.py:799} INFO - Processing file /opt/airflow/dags/crypto_dag.py for tasks to queue
[2026-02-04T01:52:34.894+0000] {logging_mixin.py:149} INFO - [2026-02-04T01:52:34.893+0000] {dagbag.py:541} INFO - Filling up the DagBag from /opt/airflow/dags/crypto_dag.py
[2026-02-04T01:52:34.904+0000] {processor.py:809} INFO - DAG(s) dict_keys(['crypto_volatility_pipeline']) retrieved from /opt/airflow/dags/crypto_dag.py
[2026-02-04T01:52:34.922+0000] {logging_mixin.py:149} INFO - [2026-02-04T01:52:34.922+0000] {dag.py:2726} INFO - Sync 1 DAGs
[2026-02-04T01:52:35.001+0000] {logging_mixin.py:149} INFO - [2026-02-04T01:52:35.001+0000] {dag.py:3490} INFO - Setting next_dagrun for crypto_volatility_pipeline to 2026-02-04T01:50:00+00:00, run_after=2026-02-04T01:55:00+00:00
[2026-02-04T01:52:35.007+0000] {processor.py:178} INFO - Processing /opt/airflow/dags/crypto_dag.py took 0.119 seconds
[2026-02-04T01:53:05.245+0000] {processor.py:156} INFO - Started process (PID=5045) to work on /opt/airflow/dags/crypto_dag.py
[2026-02-04T01:53:05.246+0000] {processor.py:799} INFO - Processing file /opt/airflow/dags/crypto_dag.py for tasks to queue
[2026-02-04T01:53:05.247+0000] {logging_mixin.py:149} INFO - [2026-02-04T01:53:05.247+0000] {dagbag.py:541} INFO - Filling up the DagBag from /opt/airflow/dags/crypto_dag.py
[2026-02-04T01:53:05.258+0000] {processor.py:809} INFO - DAG(s) dict_keys(['crypto_volatility_pipeline']) retrieved from /opt/airflow/dags/crypto_dag.py
[2026-02-04T01:53:05.277+0000] {logging_mixin.py:149} INFO - [2026-02-04T01:53:05.277+0000] {dag.py:2726} INFO - Sync 1 DAGs
[2026-02-04T01:53:05.289+0000] {logging_mixin.py:149} INFO - [2026-02-04T01:53:05.289+0000] {dag.py:3490} INFO - Setting next_dagrun for crypto_volatility_pipeline to 2026-02-04T01:50:00+00:00, run_after=2026-02-04T01:55:00+00:00
[2026-02-04T01:53:05.296+0000] {processor.py:178} INFO - Processing /opt/airflow/dags/crypto_dag.py took 0.056 seconds
[2026-02-04T01:53:35.521+0000] {processor.py:156} INFO - Started process (PID=5046) to work on /opt/airflow/dags/crypto_dag.py
[2026-02-04T01:53:35.522+0000] {processor.py:799} INFO - Processing file /opt/airflow/dags/crypto_dag.py for tasks to queue
[2026-02-04T01:53:35.523+0000] {logging_mixin.py:149} INFO - [2026-02-04T01:53:35.522+0000] {dagbag.py:541} INFO - Filling up the DagBag from /opt/airflow/dags/crypto_dag.py
[2026-02-04T01:53:35.533+0000] {processor.py:809} INFO - DAG(s) dict_keys(['crypto_volatility_pipeline']) retrieved from /opt/airflow/dags/crypto_dag.py
[2026-02-04T01:53:35.551+0000] {logging_mixin.py:149} INFO - [2026-02-04T01:53:35.551+0000] {dag.py:2726} INFO - Sync 1 DAGs
[2026-02-04T01:53:35.564+0000] {logging_mixin.py:149} INFO - [2026-02-04T01:53:35.564+0000] {dag.py:3490} INFO - Setting next_dagrun for crypto_volatility_pipeline to 2026-02-04T01:50:00+00:00, run_after=2026-02-04T01:55:00+00:00
[2026-02-04T01:53:35.571+0000] {processor.py:178} INFO - Processing /opt/airflow/dags/crypto_dag.py took 0.053 seconds
[2026-02-04T01:54:05.863+0000] {processor.py:156} INFO - Started process (PID=5047) to work on /opt/airflow/dags/crypto_dag.py
[2026-02-04T01:54:05.864+0000] {processor.py:799} INFO - Processing file /opt/airflow/dags/crypto_dag.py for tasks to queue
[2026-02-04T01:54:05.864+0000] {logging_mixin.py:149} INFO - [2026-02-04T01:54:05.864+0000] {dagbag.py:541} INFO - Filling up the DagBag from /opt/airflow/dags/crypto_dag.py
[2026-02-04T01:54:05.882+0000] {processor.py:809} INFO - DAG(s) dict_keys(['crypto_volatility_pipeline']) retrieved from /opt/airflow/dags/crypto_dag.py
[2026-02-04T01:54:05.904+0000] {logging_mixin.py:149} INFO - [2026-02-04T01:54:05.904+0000] {dag.py:2726} INFO - Sync 1 DAGs
[2026-02-04T01:54:05.925+0000] {logging_mixin.py:149} INFO - [2026-02-04T01:54:05.925+0000] {dag.py:3490} INFO - Setting next_dagrun for crypto_volatility_pipeline to 2026-02-04T01:50:00+00:00, run_after=2026-02-04T01:55:00+00:00
[2026-02-04T01:54:05.935+0000] {processor.py:178} INFO - Processing /opt/airflow/dags/crypto_dag.py took 0.078 seconds
[2026-02-04T01:54:36.224+0000] {processor.py:156} INFO - Started process (PID=5048) to work on /opt/airflow/dags/crypto_dag.py
[2026-02-04T01:54:36.225+0000] {processor.py:799} INFO - Processing file /opt/airflow/dags/crypto_dag.py for tasks to queue
[2026-02-04T01:54:36.225+0000] {logging_mixin.py:149} INFO - [2026-02-04T01:54:36.225+0000] {dagbag.py:541} INFO - Filling up the DagBag from /opt/airflow/dags/crypto_dag.py
[2026-02-04T01:54:36.236+0000] {processor.py:809} INFO - DAG(s) dict_keys(['crypto_volatility_pipeline']) retrieved from /opt/airflow/dags/crypto_dag.py
[2026-02-04T01:54:36.255+0000] {logging_mixin.py:149} INFO - [2026-02-04T01:54:36.255+0000] {dag.py:2726} INFO - Sync 1 DAGs
[2026-02-04T01:54:36.268+0000] {logging_mixin.py:149} INFO - [2026-02-04T01:54:36.268+0000] {dag.py:3490} INFO - Setting next_dagrun for crypto_volatility_pipeline to 2026-02-04T01:50:00+00:00, run_after=2026-02-04T01:55:00+00:00
[2026-02-04T01:54:36.275+0000] {processor.py:178} INFO - Processing /opt/airflow/dags/crypto_dag.py took 0.056 seconds
[2026-02-04T01:55:06.517+0000] {processor.py:156} INFO - Started process (PID=5069) to work on /opt/airflow/dags/crypto_dag.py
[2026-02-04T01:55:06.518+0000] {processor.py:799} INFO - Processing file /opt/airflow/dags/crypto_dag.py for tasks to queue
[2026-02-04T01:55:06.519+0000] {logging_mixin.py:149} INFO - [2026-02-04T01:55:06.519+0000] {dagbag.py:541} INFO - Filling up the DagBag from /opt/airflow/dags/crypto_dag.py
[2026-02-04T01:55:06.526+0000] {processor.py:809} INFO - DAG(s) dict_keys(['crypto_volatility_pipeline']) retrieved from /opt/airflow/dags/crypto_dag.py
[2026-02-04T01:55:06.540+0000] {logging_mixin.py:149} INFO - [2026-02-04T01:55:06.540+0000] {dag.py:2726} INFO - Sync 1 DAGs
[2026-02-04T01:55:06.554+0000] {logging_mixin.py:149} INFO - [2026-02-04T01:55:06.554+0000] {dag.py:3490} INFO - Setting next_dagrun for crypto_volatility_pipeline to 2026-02-04T01:55:00+00:00, run_after=2026-02-04T02:00:00+00:00
[2026-02-04T01:55:06.627+0000] {processor.py:178} INFO - Processing /opt/airflow/dags/crypto_dag.py took 0.113 seconds
[2026-02-04T01:55:36.854+0000] {processor.py:156} INFO - Started process (PID=5070) to work on /opt/airflow/dags/crypto_dag.py
[2026-02-04T01:55:36.855+0000] {processor.py:799} INFO - Processing file /opt/airflow/dags/crypto_dag.py for tasks to queue
[2026-02-04T01:55:36.855+0000] {logging_mixin.py:149} INFO - [2026-02-04T01:55:36.855+0000] {dagbag.py:541} INFO - Filling up the DagBag from /opt/airflow/dags/crypto_dag.py
[2026-02-04T01:55:36.867+0000] {processor.py:809} INFO - DAG(s) dict_keys(['crypto_volatility_pipeline']) retrieved from /opt/airflow/dags/crypto_dag.py
[2026-02-04T01:55:36.886+0000] {logging_mixin.py:149} INFO - [2026-02-04T01:55:36.886+0000] {dag.py:2726} INFO - Sync 1 DAGs
[2026-02-04T01:55:36.961+0000] {logging_mixin.py:149} INFO - [2026-02-04T01:55:36.961+0000] {dag.py:3490} INFO - Setting next_dagrun for crypto_volatility_pipeline to 2026-02-04T01:55:00+00:00, run_after=2026-02-04T02:00:00+00:00
[2026-02-04T01:55:36.967+0000] {processor.py:178} INFO - Processing /opt/airflow/dags/crypto_dag.py took 0.117 seconds
[2026-02-04T01:56:07.202+0000] {processor.py:156} INFO - Started process (PID=5071) to work on /opt/airflow/dags/crypto_dag.py
[2026-02-04T01:56:07.203+0000] {processor.py:799} INFO - Processing file /opt/airflow/dags/crypto_dag.py for tasks to queue
[2026-02-04T01:56:07.204+0000] {logging_mixin.py:149} INFO - [2026-02-04T01:56:07.204+0000] {dagbag.py:541} INFO - Filling up the DagBag from /opt/airflow/dags/crypto_dag.py
[2026-02-04T01:56:07.215+0000] {processor.py:809} INFO - DAG(s) dict_keys(['crypto_volatility_pipeline']) retrieved from /opt/airflow/dags/crypto_dag.py
[2026-02-04T01:56:07.234+0000] {logging_mixin.py:149} INFO - [2026-02-04T01:56:07.234+0000] {dag.py:2726} INFO - Sync 1 DAGs
[2026-02-04T01:56:07.247+0000] {logging_mixin.py:149} INFO - [2026-02-04T01:56:07.247+0000] {dag.py:3490} INFO - Setting next_dagrun for crypto_volatility_pipeline to 2026-02-04T01:55:00+00:00, run_after=2026-02-04T02:00:00+00:00
[2026-02-04T01:56:07.254+0000] {processor.py:178} INFO - Processing /opt/airflow/dags/crypto_dag.py took 0.056 seconds
[2026-02-04T01:56:37.519+0000] {processor.py:156} INFO - Started process (PID=5072) to work on /opt/airflow/dags/crypto_dag.py
[2026-02-04T01:56:37.521+0000] {processor.py:799} INFO - Processing file /opt/airflow/dags/crypto_dag.py for tasks to queue
[2026-02-04T01:56:37.522+0000] {logging_mixin.py:149} INFO - [2026-02-04T01:56:37.522+0000] {dagbag.py:541} INFO - Filling up the DagBag from /opt/airflow/dags/crypto_dag.py
[2026-02-04T01:56:37.534+0000] {processor.py:809} INFO - DAG(s) dict_keys(['crypto_volatility_pipeline']) retrieved from /opt/airflow/dags/crypto_dag.py
[2026-02-04T01:56:37.556+0000] {logging_mixin.py:149} INFO - [2026-02-04T01:56:37.556+0000] {dag.py:2726} INFO - Sync 1 DAGs
[2026-02-04T01:56:37.569+0000] {logging_mixin.py:149} INFO - [2026-02-04T01:56:37.569+0000] {dag.py:3490} INFO - Setting next_dagrun for crypto_volatility_pipeline to 2026-02-04T01:55:00+00:00, run_after=2026-02-04T02:00:00+00:00
[2026-02-04T01:56:37.577+0000] {processor.py:178} INFO - Processing /opt/airflow/dags/crypto_dag.py took 0.062 seconds
